{"stat.leaveGame":9,"stat.useItem.futuremc.netherite_axe":100,"stat.pickup.tombstone.familiar_stone":1,"stat.mineBlock.minecraft.sandstone":1,"stat.pickup.minecraft.fishing_rod":2,"stat.killEntity.techguns.AttackHelicopter":1,"stat.useItem.minecraft.planks":35,"stat.craftItem.minecraft.shield":1,"stat.mineBlock.chisel.factory":6,"stat.pickup.minecraft.porkchop":26,"stat.useItem.minecraft.water_bucket":12,"stat.mineBlock.minecraft.stone_brick_stairs":1,"stat.pickup.minecraft.rotten_flesh":2,"stat.pickup.ghostsexplosives.dust_potassium_nitrate":14,"stat.pickup.minecraft.sand":2,"stat.mineBlock.techguns.military_crate":36,"stat.pickup.minecraft.name_tag":1,"stat.pickup.techguns.m4_infiltrator":1,"stat.mineBlock.chisel.iron":12,"stat.mineBlock.minecraft.sand":1,"stat.pickup.techguns.ak47":2,"stat.killEntity.techguns.ZombieFarmer":8,"stat.craftItem.minecraft.wooden_pickaxe":1,"stat.pickup.ghostsexplosives.sulfur":12,"stat.craftItem.minecraft.bed":2,"stat.trappedChestTriggered":6,"stat.mineBlock.chisel.marble2":7,"stat.pickup.techguns.basicore":3,"stat.furnaceInteraction":6,"stat.pickup.srparasites.lurecomponent3":2,"stat.pickup.techguns.rocketlauncher":1,"stat.pickup.srparasites.lurecomponent1":8,"stat.pickup.minecraft.beef":43,"stat.pickup.guardscraft.crown":1,"stat.mineBlock.chisel.technical":14,"stat.pickup.minecraft.skull":1,"stat.pickup.tombstone.magic_scroll":2,"stat.pickup.mca.rose_gold_ore":5,"stat.pickup.cyclicmagic.charm_air":1,"stat.deaths":3,"stat.playOneMinute":191984,"stat.useItem.nocubessrparmory.thereapertrue":1,"stat.useItem.chisel.technical":1,"stat.pickup.chisel.marble2":7,"stat.mineBlock.minecraft.tallgrass":85,"stat.pickup.techguns.flamethrower":1,"stat.chestOpened":88,"stat.pickup.techguns.radpills":3,"stat.useItem.minecraft.stone":16,"stat.pickup.techguns.t1_combat_leggings":2,"stat.mineBlock.chisel.ironpane":1,"stat.fallOneCm":54529,"stat.pickup.chisel.basalt2":7,"stat.pickup.minecraft.carrot":1,"stat.pickup.chisel.technical1":2,"stat.crouchOneCm":16773,"stat.craftItem.minecraft.iron_ingot":45,"stat.craftItem.minecraft.chest":4,"stat.killEntity.techguns.ZombiePoliceman":5,"stat.pickup.minecraft.red_mushroom":2,"stat.killEntity.futuremc:tropical_fish":1,"stat.killEntity.techguns.ArmySoldier":17,"stat.craftingTableInteraction":21,"stat.pickup.techguns.revolver":3,"stat.useItem.chisel.marble2":5,"stat.killEntity.techguns.Bandit":1,"stat.pickup.minecraft.record_cat":1,"stat.killEntity.techguns.ZombieMiner":4,"stat.pickup.minecraft.dye":58,"stat.pickup.minecraft.planks":13,"stat.pickup.chisel.limestone2":1,"stat.pickup.minecraft.wheat_seeds":8,"stat.mineBlock.minecraft.gravel":6,"stat.useItem.minecraft.wool":6,"stat.pickup.techguns.t2_commando_boots":1,"stat.mineBlock.minecraft.dirt":18,"stat.useItem.minecraft.torch":29,"stat.drop.tombstone.crafting_ingredient":2,"stat.drop.minecraft.stone_brick_stairs":1,"stat.pickup.minecraft.crafting_table":6,"stat.useItem.minecraft.cobblestone":247,"stat.craftItem.minecraft.crafting_table":3,"stat.useItem.minecraft.gravel":3,"stat.mineBlock.minecraft.double_plant":12,"stat.craftItem.minecraft.boat":1,"stat.pickup.minecraft.log":44,"stat.drop.minecraft.carrot":1,"stat.craftItem.usefulbackpacks.backpack":3,"stat.pickup.minecraft.sapling":3,"stat.pickup.minecraft.apple":1,"stat.craftItem.minecraft.bucket":2,"stat.craftItem.minecraft.planks":176,"stat.mineBlock.minecraft.log":45,"stat.useItem.chisel.basalt2":6,"stat.sneakTime":8241,"stat.pickup.minecraft.wool":42,"stat.killEntity.techguns.Commando":16,"stat.mineBlock.minecraft.cobblestone":13,"stat.pickup.minecraft.flint":2,"stat.mineBlock.srparasites.gore":16,"stat.useItem.minecraft.diamond_sword":1,"stat.mineBlock.charm.crate_sealed":2,"stat.swimOneCm":11003,"stat.pickup.techguns.combatshotgun":2,"stat.climbOneCm":14253,"stat.pickup.minecraft.enchanted_book":1,"stat.killEntity.techguns.ZombieSoldier":3,"stat.pickup.techguns.boltaction":1,"stat.pickup.techguns.t2_commando_leggings":1,"stat.useItem.minecraft.dirt":12,"stat.useItem.minecraft.stone_slab2":64,"stat.craftItem.minecraft.furnace":1,"stat.pickup.minecraft.map":3,"stat.useItem.futuremc.netherite_sword":275,"stat.pickup.minecraft.anvil":3,"stat.pickup.ghostsexplosives.dust_uranium":1,"stat.mineBlock.minecraft.obsidian":11,"stat.pickup.minecraft.cobblestone":260,"stat.pickup.techguns.aug":1,"stat.mineBlock.chisel.technical1":3,"stat.entityKilledBy.techguns.Commando":1,"stat.pickup.futuremc.sweet_berries":1,"stat.flyOneCm":999979,"stat.pickup.minecraft.sandstone":1,"stat.useItem.minecraft.cooked_beef":4,"stat.pickup.minecraft.redstone":7,"stat.mineBlock.minecraft.iron_ore":54,"stat.timeSinceDeath":7690,"stat.pickup.ic2.bronze_boots":1,"stat.pickup.minecraft.mutton":49,"stat.drop.minecraft.name_tag":1,"stat.killEntity.techguns.SkeletonSoldier":2,"stat.killEntity.Bat":3,"stat.pickup.minecraft.stonebrick":2,"stat.mineBlock.minecraft.coal_ore":36,"stat.mineBlock.minecraft.red_mushroom_block":1,"stat.pickup.minecraft.string":5,"stat.pickup.tombstone.crafting_ingredient":7,"stat.craftItem.minecraft.stone_slab2":0,"stat.killEntity.Squid":1,"stat.sprintOneCm":355997,"stat.pickup.minecraft.paper":17,"stat.craftItem.minecraft.stick":20,"stat.useItem.tombstone.magic_scroll":1,"stat.useItem.minecraft.bed":3,"stat.pickup.nocubessrpnests.organicsample":1,"stat.mineBlock.minecraft.crafting_table":7,"stat.mineBlock.minecraft.planks":12,"stat.pickup.techguns.t2_commando_helmet":2,"stat.drop":4,"stat.killEntity.Sheep":36,"stat.pickup.minecraft.iron_block":2,"stat.killEntity.Zombie":3,"stat.diveOneCm":58983,"stat.pickup.minecraft.wheat":3,"stat.pickup.cyclicmagic.ender_lightning":1,"stat.pickup.techguns.t2_combat_chestplate":4,"stat.pickup.techguns.m4":2,"stat.pickup.minecraft.gravel":4,"stat.mineBlock.minecraft.anvil":3,"stat.pickup.minecraft.obsidian":10,"stat.mineBlock.ghostsexplosives.ore_potassium":3,"stat.pickup.minecraft.stone_brick_stairs":3,"stat.jump":2159,"stat.pickup.minecraft.coal":64,"stat.pickup.minecraft.iron_ingot":31,"stat.craftItem.guardscraft.waraxe":1,"stat.pickup.techguns.radaway":9,"stat.pickup.minecraft.gunpowder":28,"stat.pickup.minecraft.spider_eye":1,"stat.craftItem.minecraft.torch":56,"stat.pickup.minecraft.dirt":20,"stat.pickup.techguns.t2_combat_helmet":2,"stat.pickup.minecraft.iron_ore":58,"stat.boatOneCm":35531,"stat.mineBlock.minecraft.lapis_ore":8,"stat.pickup.chisel.technical":19,"stat.damageTaken":2644,"stat.pickup.minecraft.leather":17,"stat.mineBlock.minecraft.torch":10,"stat.mineBlock.minecraft.furnace":1,"stat.mineBlock.minecraft.sapling":1,"stat.pickup.srparasites.assimilated_flesh":1,"stat.pickup.minecraft.reeds":4,"stat.pickup.minecraft.bed":5,"stat.useItem.tombstone.grave_key":1,"tombstone:undead_killed":27,"stat.useItem.futuremc.netherite_pickaxe":269,"stat.damageDealt":17155,"stat.sleepInBed":5,"stat.killEntity.Cow":19,"stat.killEntity.Pig":14,"stat.pickup.techguns.itemshared":100,"stat.walkOneCm":289405,"stat.playerKills":1,"stat.useItem.minecraft.chest":2,"stat.pickup.chisel.factory":5,"stat.mineBlock.chisel.basalt2":4,"stat.useItem.tombstone.gift":1,"stat.pickup.minecraft.stone":26,"stat.mineBlock.minecraft.wool":7,"stat.pickup.chisel.iron":12,"stat.pickup.minecraft.ender_pearl":1,"stat.pickup.techguns.t2_combat_leggings":1,"stat.killEntity.Skeleton":2,"stat.pickup.techguns.grenadelauncher":1,"stat.mineBlock.minecraft.stonebrick":1,"stat.killEntity.Spider":3,"stat.pickup.techguns.pistol":1,"stat.mobKills":163,"stat.useItem.minecraft.boat":1,"stat.pickup.minecraft.diamond":1,"stat.mineBlock.minecraft.leaves":7,"stat.pickup.minecraft.torch":6,"stat.mineBlock.minecraft.stone":87}