{"stat.leaveGame":16,"stat.drop.minecraft.gunpowder":1,"stat.entityKilledBy.techguns.ZombieMiner":2,"stat.pickup.tombstone.familiar_stone":1,"stat.killEntity.Blaze":29,"stat.mineBlock.minecraft.sandstone":6,"stat.drop.minecraft.shield":1,"stat.killEntity.PigZombie":6,"stat.craftItem.minecraft.shield":3,"stat.mineBlock.minecraft.web":3,"stat.killEntity.futuremc:cod":1,"stat.drop.minecraft.feather":1,"stat.mineBlock.chisel.factory":1,"stat.pickup.minecraft.porkchop":11,"stat.drop.minecraft.iron_sword":1,"stat.useItem.minecraft.water_bucket":13,"stat.pickup.srparasites.ada_longarms_drop":3,"stat.craftItem.techguns.t1_miner_chestplate":1,"stat.craftItem.techguns.t2_commando_leggings":1,"stat.pickup.minecraft.rotten_flesh":7,"stat.pickup.ghostsexplosives.dust_potassium_nitrate":64,"stat.mineBlock.techguns.military_crate":26,"stat.craftItem.minecraft.stone_axe":2,"stat.pickup.minecraft.name_tag":4,"stat.pickup.techguns.m4_infiltrator":2,"stat.killEntity.Enderman":1,"stat.mineBlock.minecraft.wooden_slab":1,"stat.mineBlock.techguns.concrete":4,"stat.useItem.cyclicmagic.battery_infinite":4,"stat.killEntity.Witch":1,"stat.pickup.techguns.ak47":1,"stat.killEntity.techguns.ZombieFarmer":7,"stat.useItem.minecraft.iron_pickaxe":278,"stat.useItem.minecraft.spawn_egg":47,"stat.pickup.minecraft.stained_hardened_clay":2,"stat.craftItem.minecraft.wooden_pickaxe":1,"stat.pickup.cyclicmagic.battery_infinite":1,"stat.pickup.ghostsexplosives.sulfur":7,"stat.trappedChestTriggered":2,"stat.mineBlock.minecraft.vine":3,"stat.pickup.thermalfoundation.material":15,"stat.pickup.techguns.basicore":42,"stat.furnaceInteraction":81,"stat.killEntity.ZombieVillager":1,"stat.pickup.techguns.t2_commando_chestplate":1,"stat.pickup.srparasites.lurecomponent3":2,"stat.pickup.srparasites.lurecomponent1":14,"stat.mineBlock.techguns.metalpanel":2,"stat.pickup.minecraft.beef":27,"stat.pickup.minecraft.furnace":8,"stat.mineBlock.chisel.technical":6,"stat.pickup.minecraft.cauldron":1,"stat.mineBlock.minecraft.stained_hardened_clay":2,"stat.pickup.minecraft.skull":2,"stat.pickup.tombstone.magic_scroll":4,"stat.drop.minecraft.furnace":1,"stat.killEntity.techguns.CyberDemon":12,"stat.pickup.mca.rose_gold_ore":11,"stat.useItem.minecraft.flint_and_steel":2,"stat.mineBlock.minecraft.fence":1,"stat.deaths":10,"stat.playOneMinute":375323,"stat.pickup.techguns.handcannon":2,"stat.pickup.minecraft.blaze_rod":18,"stat.mineBlock.minecraft.stone_pressure_plate":2,"stat.drop.minecraft.string":4,"stat.pickup.techguns.t1_miner_helmet":1,"stat.craftItem.minecraft.iron_pickaxe":2,"stat.entityKilledBy.techguns.ZombiePigmanSoldier":2,"stat.pickup.minecraft.iron_bars":1,"stat.drop.minecraft.iron_ingot":1,"stat.mineBlock.minecraft.tallgrass":178,"stat.pickup.minecraft.netherrack":38,"stat.pickup.techguns.flamethrower":1,"stat.chestOpened":206,"stat.useItem.minecraft.stone":28,"stat.useItem.spartanweaponry.boomerang_iron":16,"stat.mineBlock.minecraft.netherrack":16,"stat.pickup.minecraft.iron_sword":3,"stat.pickup.minecraft.arrow":6,"stat.pickup.techguns.t1_combat_leggings":2,"stat.killEntity.Ghast":2,"stat.pickup.minecraft.gold_nugget":16,"stat.fallOneCm":103980,"stat.entityKilledBy.jenny":1,"stat.pickup.minecraft.carrot":2,"stat.pickup.techguns.simplemachine":1,"stat.useItem.tombstone.tablet_of_cupidity":1,"stat.crouchOneCm":36258,"stat.entityKilledBy.techguns.Bandit":1,"stat.craftItem.minecraft.iron_ingot":127,"stat.craftItem.minecraft.chest":6,"stat.killEntity.futuremc:tropical_fish":1,"stat.killEntity.techguns.ArmySoldier":20,"stat.craftingTableInteraction":64,"stat.pickup.techguns.revolver":1,"stat.craftItem.techguns.t2_combat_chestplate":1,"stat.killEntity.jenny":1,"stat.killEntity.techguns.Bandit":7,"stat.mineBlock.minecraft.log2":2,"stat.pickup.minecraft.feather":1,"stat.mineBlock.ghostsexplosives.ore_sulfur":5,"stat.killEntity.techguns.ZombieMiner":17,"stat.useItem.minecraft.furnace":4,"stat.craftItem.mca.rose_gold_ingot":10,"stat.drop.mca.rose_gold_ore":1,"stat.pickup.minecraft.dye":37,"stat.pickup.minecraft.planks":40,"stat.craftItem.techguns.simplemachine":1,"stat.pickup.minecraft.wheat_seeds":34,"stat.pickup.techguns.t1_miner_chestplate":2,"stat.mineBlock.minecraft.gravel":18,"stat.useItem.minecraft.stone_pickaxe":159,"stat.craftItem.minecraft.iron_leggings":1,"stat.killEntity.Rabbit":2,"stat.drop.minecraft.carpet":1,"stat.killEntity.techguns.ZombiePigmanSoldier":42,"stat.useItem.minecraft.wool":1,"stat.pickup.techguns.t2_commando_boots":2,"stat.mineBlock.minecraft.dirt":37,"stat.pickup.minecraft.flint_and_steel":1,"stat.useItem.minecraft.torch":101,"stat.pickup.minecraft.crafting_table":16,"stat.useItem.minecraft.cobblestone":276,"stat.mineBlock.techguns.basicore":25,"stat.craftItem.minecraft.crafting_table":4,"stat.useItem.minecraft.gravel":3,"stat.mineBlock.minecraft.double_plant":5,"stat.craftItem.minecraft.boat":2,"stat.pickup.minecraft.log":35,"stat.pickup.minecraft.iron_pickaxe":1,"stat.craftItem.usefulbackpacks.backpack":3,"stat.craftItem.minecraft.gold_ingot":13,"stat.pickup.minecraft.chicken":2,"stat.pickup.minecraft.sapling":4,"stat.pickup.minecraft.apple":4,"stat.mineBlock.minecraft.iron_block":8,"stat.pickup.minecraft.beetroot":1,"stat.drop.minecraft.fish":1,"stat.mineBlock.minecraft.tripwire_hook":2,"stat.craftItem.minecraft.bucket":5,"stat.craftItem.minecraft.planks":128,"stat.killEntity.WitherSkeleton":7,"stat.pickup.minecraft.book":45,"stat.mineBlock.minecraft.log":36,"stat.pickup.minecraft.red_flower":1,"stat.sneakTime":14774,"stat.pickup.minecraft.wool":22,"stat.pickup.minecraft.rabbit":1,"stat.killEntity.techguns.Commando":20,"stat.pickup.minecraft.stone_slab":1,"stat.pickup.minecraft.yellow_flower":1,"stat.cakeSlicesEaten":3,"stat.pickup.minecraft.tripwire_hook":3,"stat.pickup.minecraft.bone":8,"stat.pickup.minecraft.stone_pressure_plate":2,"stat.pickup.nocubessrpnests.neststonedarkwall":3,"stat.drop.minecraft.tripwire_hook":1,"stat.mineBlock.minecraft.cobblestone":40,"stat.pickup.minecraft.flint":3,"stat.mineBlock.minecraft.yellow_flower":1,"stat.craftItem.tombstone.grave_key":1,"stat.mineBlock.minecraft.concrete":1,"stat.useItem.minecraft.diamond_sword":124,"stat.pickup.techguns.netherblaster":1,"stat.mineBlock.charm.crate_sealed":2,"stat.useItem.spartanweaponry.greatsword_iron":416,"stat.swimOneCm":35016,"stat.pickup.techguns.combatshotgun":1,"stat.climbOneCm":3549,"stat.pickup.minecraft.enchanted_book":2,"stat.drop.minecraft.cobblestone":11,"stat.killEntity.techguns.ZombieSoldier":3,"stat.pickup.techguns.boltaction":1,"stat.pickup.techguns.t2_commando_leggings":5,"stat.useItem.minecraft.obsidian":14,"stat.useItem.minecraft.dirt":107,"stat.useItem.minecraft.stone_slab2":57,"stat.craftItem.minecraft.furnace":3,"stat.craftItem.minecraft.iron_boots":1,"stat.pickup.minecraft.anvil":3,"stat.pickup.ghostsexplosives.dust_uranium":7,"stat.mineBlock.techguns.simplemachine":1,"stat.craftItem.minecraft.stone_pickaxe":3,"stat.pickup.minecraft.cobblestone":1569,"stat.mineBlock.minecraft.carpet":1,"stat.entityKilledBy.techguns.Commando":2,"stat.drop.minecraft.fence":1,"stat.flyOneCm":2208987,"stat.drop.minecraft.iron_helmet":1,"stat.useItem.tombstone.scroll_buff":1,"stat.pickup.minecraft.sandstone":4,"stat.pickup.minecraft.fish":1,"stat.drop.minecraft.wheat_seeds":12,"stat.useItem.minecraft.cooked_beef":44,"stat.pickup.minecraft.redstone":108,"stat.mineBlock.minecraft.iron_ore":38,"stat.timeSinceDeath":86061,"stat.pickup.minecraft.mutton":4,"stat.craftItem.minecraft.iron_block":2,"stat.killEntity.techguns.SkeletonSoldier":4,"stat.craftItem.minecraft.stonebrick":4,"stat.pickup.minecraft.stonebrick":1,"stat.drop.minecraft.flint_and_steel":2,"stat.drop.minecraft.dirt":1,"stat.pickup.minecraft.carpet":1,"stat.mineBlock.minecraft.coal_ore":46,"stat.killEntity.Creeper":4,"stat.talkedToVillager":13,"stat.pickup.techguns.t1_combat_helmet":1,"stat.pickup.minecraft.string":4,"stat.pickup.tombstone.crafting_ingredient":13,"stat.craftItem.minecraft.stone_slab2":0,"stat.drop.minecraft.obsidian":64,"stat.killEntity.Squid":1,"stat.sprintOneCm":784348,"stat.pickup.minecraft.paper":6,"stat.mineBlock.minecraft.stone_slab":1,"stat.craftItem.minecraft.stick":60,"stat.pickup.minecraft.bone_block":1,"stat.useItem.cyclicmagic.crafting_food":1,"stat.useItem.minecraft.bed":2,"stat.craftItem.minecraft.stone":4,"stat.mineBlock.minecraft.diamond_ore":5,"stat.pickup.techguns.t1_miner_leggings":2,"stat.mineBlock.minecraft.crafting_table":10,"stat.useItem.minecraft.diamond_pickaxe":1,"stat.drop.techguns.t1_combat_boots":1,"stat.mineBlock.minecraft.planks":2,"stat.pickup.techguns.t2_commando_helmet":4,"stat.drop":72,"stat.killEntity.Sheep":2,"stat.pickup.minecraft.iron_block":8,"stat.killEntity.Zombie":4,"stat.pickup.minecraft.snowball":83,"stat.diveOneCm":113772,"stat.pickup.minecraft.wheat":7,"stat.pickup.techguns.t2_combat_chestplate":2,"stat.pickup.techguns.m4":1,"stat.pickup.minecraft.gravel":17,"stat.drop.minecraft.cooked_beef":30,"stat.mineBlock.minecraft.anvil":2,"stat.mineBlock.cyclicmagic.battery_infinite":1,"stat.pickup.minecraft.obsidian":4,"stat.mineBlock.ghostsexplosives.ore_potassium":11,"stat.jump":4292,"stat.pickup.minecraft.fence":1,"stat.pickup.minecraft.coal":174,"stat.pickup.minecraft.iron_helmet":1,"stat.pickup.minecraft.iron_ingot":18,"stat.pickup.techguns.radaway":5,"stat.useItem.minecraft.stone_axe":94,"stat.pickup.minecraft.gunpowder":53,"stat.craftItem.minecraft.torch":132,"stat.pickup.minecraft.dirt":148,"stat.pickup.techguns.t2_combat_helmet":6,"stat.pickup.minecraft.iron_ore":80,"stat.mineBlock.mca.rose_gold_ore":11,"stat.boatOneCm":73004,"stat.mineBlock.minecraft.iron_bars":2,"stat.pickup.minecraft.gold_ore":13,"stat.craftItem.minecraft.flint_and_steel":1,"stat.mineBlock.minecraft.lapis_ore":2,"stat.pickup.chisel.technical":2,"stat.pickup.minecraft.leather":18,"stat.damageTaken":9647,"stat.craftItem.techguns.revolver":1,"stat.mineBlock.minecraft.furnace":8,"stat.mineBlock.minecraft.torch":16,"stat.useItem.minecraft.wooden_pickaxe":4,"stat.dispenserInspected":3,"stat.pickup.srparasites.assimilated_flesh":6,"stat.pickup.minecraft.log2":2,"stat.pickup.minecraft.reeds":46,"stat.pickup.techguns.concrete":3,"stat.pickup.minecraft.bed":6,"tombstone:undead_killed":106,"stat.useItem.tombstone.grave_key":1,"stat.pickup.minecraft.concrete":1,"stat.pickup.techguns.metalpanel":2,"stat.pickup.minecraft.potato":3,"stat.pickup.srparasites.canisteractive":3,"stat.damageDealt":37202,"stat.sleepInBed":10,"stat.killEntity.Cow":16,"stat.useItem.minecraft.crafting_table":3,"stat.craftItem.minecraft.iron_sword":1,"stat.drop.techguns.itemshared":2,"stat.pickup.minecraft.boat":2,"stat.pickup.techguns.itemshared":281,"stat.walkOneCm":765939,"stat.playerKills":2,"stat.useItem.minecraft.chest":4,"stat.pickup.minecraft.stick":2,"stat.pickup.techguns.t1_miner_boots":1,"stat.pickup.chisel.factory":1,"stat.drop.nocubessrpnests.neststonedarkwall":3,"stat.pickup.techguns.thompson":1,"stat.pickup.techguns.t2_combat_boots":3,"stat.pickup.techguns.t1_combat_boots":2,"stat.useItem.tombstone.gift":2,"stat.pickup.minecraft.stone":248,"stat.craftItem.hammertime.itemhammerdiamond":1,"stat.craftItem.minecraft.iron_chestplate":1,"stat.mineBlock.minecraft.wool":20,"stat.pickup.techguns.t2_combat_leggings":1,"stat.pickup.minecraft.cooked_beef":4,"stat.killEntity.futuremc:salmon":1,"stat.pickup.minecraft.gold_ingot":12,"stat.useItem.minecraft.netherrack":48,"stat.killEntity.Skeleton":3,"stat.craftItem.techguns.basicmachine":2,"stat.useItem.techguns.radaway":3,"stat.craftItem.techguns.itemshared":166,"stat.mineBlock.minecraft.stonebrick":1,"stat.killEntity.Chicken":2,"stat.pickup.minecraft.bread":7,"stat.pickup.techguns.pistol":1,"stat.mobKills":247,"stat.mineBlock.minecraft.bookshelf":15,"stat.useItem.minecraft.boat":3,"stat.pickup.minecraft.diamond":5,"stat.pickup.minecraft.torch":20,"stat.drop.minecraft.stone_axe":1,"stat.drop.cyclicmagic.tool_harvest_leaves":1,"stat.mineBlock.minecraft.bone_block":1,"stat.mineBlock.minecraft.stone":205}