{"stat.leaveGame":6,"stat.mineBlock.minecraft.cobblestone":4,"stat.pickup.minecraft.flint":2,"stat.useItem.futuremc.netherite_axe":59,"stat.mineBlock.srparasites.gore":16,"stat.pickup.tombstone.familiar_stone":1,"stat.useItem.minecraft.diamond_sword":1,"stat.mineBlock.minecraft.sandstone":1,"stat.mineBlock.charm.crate_sealed":1,"stat.swimOneCm":5659,"stat.useItem.minecraft.planks":12,"stat.climbOneCm":6419,"stat.craftItem.minecraft.shield":1,"stat.killEntity.techguns.ZombieSoldier":3,"stat.pickup.minecraft.porkchop":26,"stat.useItem.minecraft.dirt":12,"stat.useItem.minecraft.stone_slab2":51,"stat.useItem.minecraft.water_bucket":12,"stat.mineBlock.minecraft.stone_brick_stairs":1,"stat.pickup.minecraft.rotten_flesh":2,"stat.pickup.ghostsexplosives.dust_potassium_nitrate":14,"stat.pickup.minecraft.sand":1,"stat.craftItem.minecraft.furnace":1,"stat.useItem.futuremc.netherite_sword":241,"stat.pickup.minecraft.anvil":3,"stat.pickup.minecraft.name_tag":1,"stat.pickup.ghostsexplosives.dust_uranium":1,"stat.mineBlock.minecraft.obsidian":11,"stat.pickup.minecraft.cobblestone":181,"stat.pickup.futuremc.sweet_berries":1,"stat.flyOneCm":462929,"stat.pickup.minecraft.sandstone":1,"stat.mineBlock.minecraft.sand":1,"stat.useItem.minecraft.cooked_beef":2,"stat.killEntity.techguns.ZombieFarmer":8,"stat.pickup.minecraft.redstone":4,"stat.mineBlock.minecraft.iron_ore":54,"stat.timeSinceDeath":110219,"stat.pickup.ic2.bronze_boots":1,"stat.craftItem.minecraft.wooden_pickaxe":1,"stat.pickup.minecraft.mutton":49,"stat.pickup.ghostsexplosives.sulfur":12,"stat.drop.minecraft.name_tag":1,"stat.killEntity.techguns.SkeletonSoldier":2,"stat.killEntity.Bat":3,"stat.craftItem.minecraft.bed":2,"stat.mineBlock.chisel.marble2":7,"stat.pickup.techguns.basicore":3,"stat.pickup.minecraft.stonebrick":2,"stat.furnaceInteraction":6,"stat.mineBlock.minecraft.coal_ore":36,"stat.pickup.srparasites.lurecomponent3":2,"stat.pickup.srparasites.lurecomponent1":8,"stat.mineBlock.minecraft.red_mushroom_block":1,"stat.pickup.minecraft.string":5,"stat.pickup.minecraft.beef":43,"stat.pickup.guardscraft.crown":1,"stat.pickup.tombstone.crafting_ingredient":7,"stat.craftItem.minecraft.stone_slab2":0,"stat.mineBlock.chisel.technical":2,"stat.sprintOneCm":242336,"stat.craftItem.minecraft.stick":20,"stat.pickup.tombstone.magic_scroll":1,"stat.pickup.mca.rose_gold_ore":5,"stat.useItem.minecraft.bed":3,"stat.pickup.nocubessrpnests.organicsample":1,"stat.mineBlock.minecraft.crafting_table":7,"stat.deaths":1,"stat.mineBlock.minecraft.planks":9,"stat.drop":3,"stat.playOneMinute":126696,"stat.killEntity.Sheep":35,"stat.killEntity.Zombie":3,"stat.pickup.chisel.marble2":7,"stat.mineBlock.minecraft.tallgrass":85,"stat.diveOneCm":28472,"stat.pickup.minecraft.wheat":3,"stat.chestOpened":29,"stat.useItem.minecraft.stone":15,"stat.pickup.minecraft.gravel":4,"stat.pickup.techguns.t1_combat_leggings":2,"stat.mineBlock.minecraft.anvil":3,"stat.mineBlock.chisel.ironpane":1,"stat.pickup.minecraft.obsidian":10,"stat.mineBlock.ghostsexplosives.ore_potassium":3,"stat.pickup.minecraft.stone_brick_stairs":3,"stat.jump":1793,"stat.pickup.minecraft.coal":61,"stat.fallOneCm":41399,"stat.pickup.minecraft.iron_ingot":16,"stat.craftItem.guardscraft.waraxe":1,"stat.pickup.chisel.basalt2":7,"stat.pickup.minecraft.gunpowder":6,"stat.crouchOneCm":8109,"stat.pickup.minecraft.spider_eye":1,"stat.craftItem.minecraft.torch":32,"stat.craftItem.minecraft.iron_ingot":36,"stat.pickup.minecraft.dirt":20,"stat.killEntity.techguns.ZombiePoliceman":5,"stat.craftingTableInteraction":17,"stat.pickup.minecraft.iron_ore":54,"stat.pickup.techguns.revolver":1,"stat.boatOneCm":35531,"stat.mineBlock.minecraft.lapis_ore":8,"stat.pickup.chisel.technical":2,"stat.useItem.chisel.marble2":5,"stat.damageTaken":1282,"stat.pickup.minecraft.leather":17,"stat.killEntity.techguns.ZombieMiner":3,"stat.mineBlock.minecraft.torch":7,"stat.mineBlock.minecraft.furnace":1,"stat.mineBlock.minecraft.sapling":1,"stat.pickup.srparasites.assimilated_flesh":1,"stat.pickup.minecraft.dye":58,"stat.pickup.minecraft.planks":9,"stat.pickup.minecraft.reeds":4,"stat.pickup.chisel.limestone2":1,"stat.pickup.minecraft.bed":5,"stat.useItem.tombstone.grave_key":1,"tombstone:undead_killed":26,"stat.pickup.minecraft.wheat_seeds":8,"stat.mineBlock.minecraft.gravel":6,"stat.useItem.futuremc.netherite_pickaxe":227,"stat.damageDealt":14434,"stat.useItem.minecraft.wool":6,"stat.sleepInBed":2,"stat.killEntity.Cow":19,"stat.mineBlock.minecraft.dirt":18,"stat.killEntity.Pig":14,"stat.pickup.techguns.itemshared":3,"stat.walkOneCm":132301,"stat.useItem.minecraft.torch":18,"stat.playerKills":1,"stat.drop.tombstone.crafting_ingredient":2,"stat.drop.minecraft.stone_brick_stairs":1,"stat.pickup.minecraft.crafting_table":6,"stat.useItem.minecraft.cobblestone":47,"stat.craftItem.minecraft.crafting_table":2,"stat.useItem.minecraft.gravel":3,"stat.mineBlock.minecraft.double_plant":11,"stat.craftItem.minecraft.boat":1,"stat.mineBlock.chisel.basalt2":4,"stat.pickup.minecraft.log":44,"stat.craftItem.usefulbackpacks.backpack":3,"stat.pickup.minecraft.stone":25,"stat.mineBlock.minecraft.wool":7,"stat.pickup.minecraft.sapling":2,"stat.pickup.minecraft.ender_pearl":1,"stat.killEntity.Skeleton":2,"stat.craftItem.minecraft.bucket":2,"stat.mineBlock.minecraft.stonebrick":1,"stat.craftItem.minecraft.planks":72,"stat.killEntity.Spider":3,"stat.mobKills":119,"stat.mineBlock.minecraft.log":45,"stat.useItem.chisel.basalt2":6,"stat.useItem.minecraft.boat":1,"stat.mineBlock.minecraft.leaves":7,"stat.pickup.minecraft.torch":3,"stat.sneakTime":5868,"stat.pickup.minecraft.wool":42,"stat.mineBlock.minecraft.stone":87}