{"stat.leaveGame":10,"stat.drop.minecraft.gunpowder":1,"stat.entityKilledBy.techguns.ZombieMiner":1,"stat.pickup.tombstone.familiar_stone":1,"stat.killEntity.Blaze":13,"stat.mineBlock.minecraft.sandstone":1,"stat.drop.minecraft.shield":1,"stat.killEntity.PigZombie":6,"stat.craftItem.minecraft.shield":3,"stat.mineBlock.minecraft.web":3,"stat.drop.minecraft.feather":1,"stat.pickup.minecraft.porkchop":11,"stat.drop.minecraft.iron_sword":1,"stat.useItem.minecraft.water_bucket":6,"stat.pickup.srparasites.ada_longarms_drop":1,"stat.craftItem.techguns.t1_miner_chestplate":1,"stat.craftItem.techguns.t2_commando_leggings":1,"stat.pickup.minecraft.rotten_flesh":7,"stat.pickup.ghostsexplosives.dust_potassium_nitrate":64,"stat.mineBlock.techguns.military_crate":26,"stat.craftItem.minecraft.stone_axe":2,"stat.pickup.techguns.m4_infiltrator":1,"stat.mineBlock.minecraft.wooden_slab":1,"stat.mineBlock.techguns.concrete":4,"stat.useItem.cyclicmagic.battery_infinite":3,"stat.killEntity.Witch":1,"stat.killEntity.techguns.ZombieFarmer":6,"stat.useItem.minecraft.iron_pickaxe":251,"stat.useItem.minecraft.spawn_egg":1,"stat.craftItem.minecraft.wooden_pickaxe":1,"stat.pickup.ghostsexplosives.sulfur":7,"stat.mineBlock.minecraft.vine":3,"stat.pickup.thermalfoundation.material":12,"stat.pickup.techguns.basicore":41,"stat.furnaceInteraction":79,"stat.killEntity.ZombieVillager":1,"stat.pickup.srparasites.lurecomponent1":12,"stat.mineBlock.techguns.metalpanel":2,"stat.pickup.minecraft.beef":27,"stat.pickup.minecraft.furnace":8,"stat.pickup.minecraft.cauldron":1,"stat.pickup.tombstone.magic_scroll":4,"stat.drop.minecraft.furnace":1,"stat.killEntity.techguns.CyberDemon":10,"stat.pickup.mca.rose_gold_ore":11,"stat.deaths":7,"stat.playOneMinute":270754,"stat.pickup.techguns.handcannon":2,"stat.pickup.minecraft.blaze_rod":7,"stat.pickup.techguns.t1_miner_helmet":1,"stat.craftItem.minecraft.iron_pickaxe":1,"stat.entityKilledBy.techguns.ZombiePigmanSoldier":1,"stat.mineBlock.minecraft.tallgrass":161,"stat.pickup.minecraft.netherrack":33,"stat.pickup.techguns.flamethrower":1,"stat.chestOpened":107,"stat.useItem.spartanweaponry.boomerang_iron":16,"stat.mineBlock.minecraft.netherrack":16,"stat.pickup.minecraft.iron_sword":2,"stat.pickup.minecraft.arrow":4,"stat.pickup.techguns.t1_combat_leggings":2,"stat.killEntity.Ghast":2,"stat.pickup.minecraft.gold_nugget":16,"stat.fallOneCm":70970,"stat.entityKilledBy.jenny":1,"stat.crouchOneCm":30240,"stat.craftItem.minecraft.iron_ingot":127,"stat.craftItem.minecraft.chest":4,"stat.killEntity.futuremc:tropical_fish":1,"stat.killEntity.techguns.ArmySoldier":13,"stat.craftingTableInteraction":55,"stat.pickup.techguns.revolver":1,"stat.craftItem.techguns.t2_combat_chestplate":1,"stat.killEntity.jenny":1,"stat.killEntity.techguns.Bandit":1,"stat.pickup.minecraft.feather":1,"stat.mineBlock.ghostsexplosives.ore_sulfur":5,"stat.killEntity.techguns.ZombieMiner":12,"stat.useItem.minecraft.furnace":4,"stat.craftItem.mca.rose_gold_ingot":10,"stat.drop.mca.rose_gold_ore":1,"stat.pickup.minecraft.dye":25,"stat.pickup.minecraft.planks":38,"stat.craftItem.techguns.simplemachine":1,"stat.pickup.minecraft.wheat_seeds":27,"stat.pickup.techguns.t1_miner_chestplate":2,"stat.mineBlock.minecraft.gravel":18,"stat.useItem.minecraft.stone_pickaxe":159,"stat.craftItem.minecraft.iron_leggings":1,"stat.killEntity.Rabbit":1,"stat.drop.minecraft.carpet":1,"stat.killEntity.techguns.ZombiePigmanSoldier":32,"stat.useItem.minecraft.wool":1,"stat.pickup.techguns.t2_commando_boots":2,"stat.mineBlock.minecraft.dirt":36,"stat.useItem.minecraft.torch":101,"stat.pickup.minecraft.crafting_table":12,"stat.useItem.minecraft.cobblestone":205,"stat.mineBlock.techguns.basicore":25,"stat.craftItem.minecraft.crafting_table":4,"stat.useItem.minecraft.gravel":3,"stat.mineBlock.minecraft.double_plant":5,"stat.craftItem.minecraft.boat":2,"stat.pickup.minecraft.log":35,"stat.pickup.minecraft.iron_pickaxe":1,"stat.craftItem.usefulbackpacks.backpack":3,"stat.craftItem.minecraft.gold_ingot":13,"stat.pickup.minecraft.chicken":2,"stat.pickup.minecraft.sapling":4,"stat.pickup.minecraft.apple":4,"stat.mineBlock.minecraft.iron_block":8,"stat.mineBlock.minecraft.tripwire_hook":2,"stat.craftItem.minecraft.bucket":5,"stat.craftItem.minecraft.planks":128,"stat.killEntity.WitherSkeleton":4,"stat.pickup.minecraft.book":45,"stat.mineBlock.minecraft.log":36,"stat.pickup.minecraft.red_flower":1,"stat.sneakTime":11821,"stat.pickup.minecraft.wool":14,"stat.pickup.minecraft.rabbit":1,"stat.killEntity.techguns.Commando":10,"stat.pickup.minecraft.stone_slab":1,"stat.pickup.minecraft.yellow_flower":1,"stat.cakeSlicesEaten":3,"stat.pickup.minecraft.tripwire_hook":2,"stat.pickup.minecraft.bone":6,"stat.pickup.nocubessrpnests.neststonedarkwall":3,"stat.mineBlock.minecraft.cobblestone":37,"stat.pickup.minecraft.flint":3,"stat.mineBlock.minecraft.yellow_flower":1,"stat.craftItem.tombstone.grave_key":1,"stat.mineBlock.minecraft.concrete":1,"stat.useItem.minecraft.diamond_sword":124,"stat.pickup.techguns.netherblaster":1,"stat.mineBlock.charm.crate_sealed":2,"stat.useItem.spartanweaponry.greatsword_iron":304,"stat.swimOneCm":28000,"stat.climbOneCm":1849,"stat.killEntity.techguns.ZombieSoldier":3,"stat.pickup.techguns.t2_commando_leggings":3,"stat.useItem.minecraft.dirt":107,"stat.useItem.minecraft.stone_slab2":46,"stat.craftItem.minecraft.furnace":3,"stat.craftItem.minecraft.iron_boots":1,"stat.pickup.minecraft.anvil":1,"stat.pickup.ghostsexplosives.dust_uranium":7,"stat.craftItem.minecraft.stone_pickaxe":3,"stat.pickup.minecraft.cobblestone":1548,"stat.mineBlock.minecraft.carpet":1,"stat.entityKilledBy.techguns.Commando":2,"stat.flyOneCm":1114610,"stat.drop.minecraft.wheat_seeds":11,"stat.useItem.minecraft.cooked_beef":33,"stat.pickup.minecraft.redstone":103,"stat.mineBlock.minecraft.iron_ore":38,"stat.timeSinceDeath":64168,"stat.pickup.minecraft.mutton":4,"stat.craftItem.minecraft.iron_block":2,"stat.killEntity.techguns.SkeletonSoldier":2,"stat.craftItem.minecraft.stonebrick":4,"stat.pickup.minecraft.stonebrick":1,"stat.drop.minecraft.dirt":1,"stat.pickup.minecraft.carpet":1,"stat.mineBlock.minecraft.coal_ore":46,"stat.killEntity.Creeper":4,"stat.talkedToVillager":6,"stat.pickup.techguns.t1_combat_helmet":1,"stat.pickup.minecraft.string":3,"stat.pickup.tombstone.crafting_ingredient":9,"stat.craftItem.minecraft.stone_slab2":0,"stat.killEntity.Squid":1,"stat.sprintOneCm":575450,"stat.pickup.minecraft.paper":6,"stat.mineBlock.minecraft.stone_slab":1,"stat.craftItem.minecraft.stick":56,"stat.craftItem.minecraft.stone":4,"stat.mineBlock.minecraft.diamond_ore":5,"stat.pickup.techguns.t1_miner_leggings":2,"stat.mineBlock.minecraft.crafting_table":9,"stat.pickup.techguns.t2_commando_helmet":2,"stat.drop":45,"stat.killEntity.Sheep":2,"stat.pickup.minecraft.iron_block":8,"stat.killEntity.Zombie":3,"stat.pickup.minecraft.snowball":79,"stat.diveOneCm":86628,"stat.pickup.minecraft.wheat":7,"stat.pickup.techguns.t2_combat_chestplate":2,"stat.pickup.minecraft.gravel":17,"stat.drop.minecraft.cooked_beef":26,"stat.mineBlock.minecraft.anvil":1,"stat.pickup.minecraft.obsidian":4,"stat.mineBlock.ghostsexplosives.ore_potassium":11,"stat.jump":3109,"stat.pickup.minecraft.coal":173,"stat.pickup.minecraft.iron_ingot":11,"stat.pickup.techguns.radaway":5,"stat.useItem.minecraft.stone_axe":87,"stat.pickup.minecraft.gunpowder":34,"stat.craftItem.minecraft.torch":132,"stat.pickup.minecraft.dirt":147,"stat.pickup.techguns.t2_combat_helmet":2,"stat.pickup.minecraft.iron_ore":80,"stat.mineBlock.mca.rose_gold_ore":11,"stat.boatOneCm":73004,"stat.mineBlock.minecraft.iron_bars":1,"stat.pickup.minecraft.gold_ore":13,"stat.craftItem.minecraft.flint_and_steel":1,"stat.mineBlock.minecraft.lapis_ore":2,"stat.pickup.minecraft.leather":15,"stat.damageTaken":6534,"stat.craftItem.techguns.revolver":1,"stat.mineBlock.minecraft.furnace":8,"stat.mineBlock.minecraft.torch":4,"stat.useItem.minecraft.wooden_pickaxe":4,"stat.dispenserInspected":3,"stat.pickup.srparasites.assimilated_flesh":2,"stat.pickup.minecraft.reeds":46,"stat.pickup.techguns.concrete":3,"stat.pickup.minecraft.bed":2,"tombstone:undead_killed":81,"stat.useItem.tombstone.grave_key":1,"stat.pickup.minecraft.concrete":1,"stat.pickup.techguns.metalpanel":2,"stat.pickup.srparasites.canisteractive":3,"stat.damageDealt":29161,"stat.sleepInBed":4,"stat.killEntity.Cow":14,"stat.useItem.minecraft.crafting_table":3,"stat.craftItem.minecraft.iron_sword":1,"stat.drop.techguns.itemshared":2,"stat.pickup.minecraft.boat":2,"stat.pickup.techguns.itemshared":171,"stat.walkOneCm":523999,"stat.playerKills":1,"stat.useItem.minecraft.chest":3,"stat.pickup.minecraft.stick":2,"stat.pickup.techguns.t1_miner_boots":1,"stat.drop.nocubessrpnests.neststonedarkwall":3,"stat.pickup.techguns.thompson":1,"stat.pickup.techguns.t2_combat_boots":3,"stat.useItem.tombstone.gift":2,"stat.pickup.minecraft.stone":243,"stat.craftItem.hammertime.itemhammerdiamond":1,"stat.mineBlock.minecraft.wool":12,"stat.pickup.techguns.t2_combat_leggings":1,"stat.pickup.minecraft.cooked_beef":4,"stat.killEntity.futuremc:salmon":1,"stat.pickup.minecraft.gold_ingot":10,"stat.useItem.minecraft.netherrack":48,"stat.killEntity.Skeleton":2,"stat.craftItem.techguns.basicmachine":2,"stat.useItem.techguns.radaway":3,"stat.craftItem.techguns.itemshared":101,"stat.mineBlock.minecraft.stonebrick":1,"stat.killEntity.Chicken":2,"stat.pickup.minecraft.bread":7,"stat.mobKills":170,"stat.mineBlock.minecraft.bookshelf":15,"stat.useItem.minecraft.boat":3,"stat.pickup.minecraft.diamond":5,"stat.pickup.minecraft.torch":8,"stat.drop.minecraft.stone_axe":1,"stat.mineBlock.minecraft.stone":200}