{"stat.cakeSlicesEaten":3,"stat.pickup.minecraft.bone":2,"stat.leaveGame":6,"stat.pickup.nocubessrpnests.neststonedarkwall":3,"stat.mineBlock.minecraft.cobblestone":28,"stat.drop.minecraft.gunpowder":1,"stat.pickup.minecraft.flint":2,"stat.entityKilledBy.techguns.ZombieMiner":1,"stat.mineBlock.minecraft.yellow_flower":1,"stat.craftItem.tombstone.grave_key":1,"stat.useItem.minecraft.diamond_sword":124,"stat.mineBlock.minecraft.sandstone":1,"stat.drop.minecraft.shield":1,"stat.mineBlock.charm.crate_sealed":2,"stat.useItem.spartanweaponry.greatsword_iron":4,"stat.swimOneCm":8882,"stat.craftItem.minecraft.shield":3,"stat.climbOneCm":1297,"stat.mineBlock.minecraft.web":1,"stat.drop.minecraft.feather":1,"stat.pickup.minecraft.porkchop":11,"stat.useItem.minecraft.dirt":34,"stat.useItem.minecraft.stone_slab2":29,"stat.drop.minecraft.iron_sword":1,"stat.useItem.minecraft.water_bucket":6,"stat.pickup.srparasites.ada_longarms_drop":1,"stat.craftItem.techguns.t1_miner_chestplate":1,"stat.pickup.minecraft.rotten_flesh":4,"stat.pickup.ghostsexplosives.dust_potassium_nitrate":17,"stat.craftItem.minecraft.furnace":2,"stat.craftItem.minecraft.stone_axe":2,"stat.craftItem.minecraft.iron_boots":1,"stat.pickup.minecraft.anvil":1,"stat.craftItem.minecraft.stone_pickaxe":3,"stat.pickup.minecraft.cobblestone":109,"stat.mineBlock.minecraft.wooden_slab":1,"stat.mineBlock.minecraft.carpet":1,"stat.flyOneCm":515022,"stat.drop.minecraft.wheat_seeds":11,"stat.useItem.minecraft.cooked_beef":24,"stat.killEntity.techguns.ZombieFarmer":1,"stat.pickup.minecraft.redstone":6,"stat.mineBlock.minecraft.iron_ore":38,"stat.timeSinceDeath":59815,"stat.useItem.minecraft.iron_pickaxe":75,"stat.useItem.minecraft.spawn_egg":1,"stat.craftItem.minecraft.wooden_pickaxe":1,"stat.pickup.minecraft.mutton":4,"stat.pickup.ghostsexplosives.sulfur":6,"stat.mineBlock.minecraft.vine":2,"stat.pickup.techguns.basicore":8,"stat.furnaceInteraction":31,"stat.drop.minecraft.dirt":1,"stat.pickup.minecraft.carpet":1,"stat.killEntity.ZombieVillager":1,"stat.mineBlock.minecraft.coal_ore":37,"stat.pickup.srparasites.lurecomponent1":5,"stat.talkedToVillager":6,"stat.pickup.minecraft.string":2,"stat.pickup.minecraft.beef":27,"stat.pickup.minecraft.furnace":7,"stat.pickup.tombstone.crafting_ingredient":1,"stat.craftItem.minecraft.stone_slab2":0,"stat.sprintOneCm":338787,"stat.pickup.minecraft.paper":6,"stat.craftItem.minecraft.stick":16,"stat.pickup.tombstone.magic_scroll":1,"stat.pickup.techguns.t1_miner_leggings":1,"stat.mineBlock.minecraft.crafting_table":8,"stat.deaths":4,"stat.drop":40,"stat.playOneMinute":110782,"stat.pickup.techguns.handcannon":1,"stat.killEntity.Sheep":2,"stat.pickup.techguns.t1_miner_helmet":1,"stat.craftItem.minecraft.iron_pickaxe":1,"stat.killEntity.Zombie":1,"stat.pickup.minecraft.snowball":79,"stat.mineBlock.minecraft.tallgrass":155,"stat.diveOneCm":20129,"stat.pickup.minecraft.wheat":5,"stat.chestOpened":21,"stat.useItem.spartanweaponry.boomerang_iron":7,"stat.pickup.minecraft.gravel":8,"stat.pickup.minecraft.iron_sword":2,"stat.pickup.minecraft.arrow":4,"stat.drop.minecraft.cooked_beef":23,"stat.mineBlock.minecraft.anvil":1,"stat.pickup.minecraft.gold_nugget":13,"stat.mineBlock.ghostsexplosives.ore_potassium":8,"stat.jump":1977,"stat.pickup.minecraft.coal":123,"stat.fallOneCm":51994,"stat.entityKilledBy.jenny":1,"stat.pickup.minecraft.iron_ingot":6,"stat.useItem.minecraft.stone_axe":42,"stat.pickup.minecraft.gunpowder":7,"stat.crouchOneCm":10326,"stat.craftItem.minecraft.iron_ingot":39,"stat.craftItem.minecraft.torch":4,"stat.pickup.minecraft.dirt":121,"stat.craftingTableInteraction":37,"stat.pickup.minecraft.iron_ore":69,"stat.boatOneCm":73004,"stat.mineBlock.minecraft.iron_bars":1,"stat.craftItem.minecraft.flint_and_steel":1,"stat.killEntity.jenny":1,"stat.killEntity.techguns.Bandit":1,"stat.pickup.minecraft.leather":15,"stat.damageTaken":3331,"stat.pickup.minecraft.feather":1,"stat.mineBlock.ghostsexplosives.ore_sulfur":4,"stat.craftItem.techguns.revolver":1,"stat.killEntity.techguns.ZombieMiner":8,"stat.mineBlock.minecraft.furnace":8,"stat.mineBlock.minecraft.torch":1,"stat.useItem.minecraft.wooden_pickaxe":4,"stat.useItem.minecraft.furnace":2,"stat.pickup.srparasites.assimilated_flesh":2,"stat.pickup.minecraft.dye":13,"stat.pickup.minecraft.planks":38,"stat.pickup.minecraft.reeds":46,"stat.pickup.minecraft.bed":1,"tombstone:undead_killed":11,"stat.useItem.tombstone.grave_key":1,"stat.pickup.minecraft.wheat_seeds":27,"stat.pickup.techguns.t1_miner_chestplate":2,"stat.pickup.srparasites.canisteractive":3,"stat.mineBlock.minecraft.gravel":10,"stat.useItem.minecraft.stone_pickaxe":159,"stat.craftItem.minecraft.iron_leggings":1,"stat.damageDealt":7228,"stat.killEntity.Rabbit":1,"stat.drop.minecraft.carpet":1,"stat.useItem.minecraft.wool":1,"stat.sleepInBed":1,"stat.killEntity.Cow":14,"stat.mineBlock.minecraft.dirt":10,"stat.useItem.minecraft.crafting_table":3,"stat.craftItem.minecraft.iron_sword":1,"stat.drop.techguns.itemshared":2,"stat.pickup.minecraft.boat":2,"stat.pickup.techguns.itemshared":10,"stat.walkOneCm":220101,"stat.useItem.minecraft.torch":1,"stat.playerKills":1,"stat.pickup.minecraft.stick":2,"stat.pickup.minecraft.crafting_table":11,"stat.pickup.techguns.t1_miner_boots":1,"stat.useItem.minecraft.cobblestone":47,"stat.mineBlock.techguns.basicore":7,"stat.craftItem.minecraft.crafting_table":2,"stat.useItem.minecraft.gravel":3,"stat.mineBlock.minecraft.double_plant":5,"stat.craftItem.minecraft.boat":2,"stat.drop.nocubessrpnests.neststonedarkwall":3,"stat.pickup.minecraft.log":17,"stat.pickup.minecraft.iron_pickaxe":1,"stat.useItem.tombstone.gift":1,"stat.craftItem.usefulbackpacks.backpack":3,"stat.pickup.minecraft.stone":1,"stat.pickup.minecraft.chicken":2,"stat.mineBlock.minecraft.wool":12,"stat.pickup.minecraft.sapling":4,"stat.pickup.minecraft.cooked_beef":2,"stat.craftItem.techguns.itemshared":19,"stat.craftItem.minecraft.bucket":1,"stat.craftItem.minecraft.planks":40,"stat.killEntity.Chicken":2,"stat.pickup.minecraft.bread":2,"stat.mobKills":47,"stat.pickup.minecraft.book":45,"stat.mineBlock.minecraft.log":18,"stat.mineBlock.minecraft.bookshelf":15,"stat.useItem.minecraft.boat":3,"stat.pickup.minecraft.torch":3,"stat.pickup.minecraft.red_flower":1,"stat.sneakTime":2914,"stat.pickup.minecraft.wool":14,"stat.pickup.minecraft.rabbit":1,"stat.drop.minecraft.stone_axe":1,"stat.pickup.minecraft.yellow_flower":1,"stat.mineBlock.minecraft.stone":100}