{"stat.drop.minecraft.stone_pickaxe":1,"stat.chestOpened":2,"stat.killEntity.techguns.SkeletonSoldier":1,"stat.walkOneCm":157302,"stat.pickup.minecraft.wooden_slab":2,"stat.drop.mts.mts.handbook_plane":2,"stat.useItem.minecraft.stone":1,"stat.leaveGame":6,"stat.pickup.minecraft.iron_sword":2,"stat.pickup.minecraft.crafting_table":1,"stat.drop.minecraft.gunpowder":6,"stat.pickup.minecraft.stone_pickaxe":2,"stat.useItem.minecraft.cobblestone":14,"stat.craftItem.minecraft.crafting_table":1,"stat.pickup.minecraft.stone_axe":1,"stat.furnaceInteraction":5,"stat.pickup.techguns.t1_combat_chestplate":1,"stat.mineBlock.minecraft.coal_ore":4,"stat.pickup.minecraft.shield":1,"stat.pickup.techguns.t1_combat_helmet":1,"stat.mineBlock.ghostsexplosives.ore_potassium":1,"stat.pickup.minecraft.log":4,"stat.jump":600,"stat.swimOneCm":14196,"stat.pickup.minecraft.coal":3,"stat.fallOneCm":11932,"stat.drop.minecraft.iron_ore":8,"stat.pickup.mts.mts.handbook_plane":1,"stat.useItem.minecraft.stone_axe":1,"stat.drop.minecraft.planks":7,"stat.pickup.minecraft.stone":3,"stat.pickup.minecraft.gunpowder":6,"stat.crouchOneCm":368,"stat.pickup.minecraft.dirt":2,"stat.sprintOneCm":51562,"stat.useItem.minecraft.stone_slab2":3,"stat.drop.minecraft.wooden_slab":2,"stat.drop.mts.mts.handbook_car":2,"stat.pickup.minecraft.cooked_beef":11,"stat.craftItem.minecraft.stick":4,"stat.craftItem.minecraft.wooden_axe":1,"stat.drop.minecraft.iron_sword":1,"stat.craftingTableInteraction":2,"stat.pickup.minecraft.iron_ore":19,"stat.craftItem.minecraft.furnace":1,"stat.boatOneCm":61023,"stat.craftItem.minecraft.planks":16,"stat.useItem.minecraft.iron_sword":15,"stat.mineBlock.minecraft.glass_pane":1,"stat.damageTaken":1705,"stat.mineBlock.minecraft.crafting_table":1,"stat.useItem.minecraft.iron_ore":1,"stat.drop.minecraft.rabbit":1,"stat.pickup.minecraft.cobblestone":27,"stat.mobKills":2,"stat.mineBlock.minecraft.log":3,"stat.pickup.minecraft.planks":4,"stat.drop.minecraft.rabbit_hide":1,"stat.flyOneCm":49783,"stat.deaths":1,"tombstone:undead_killed":1,"stat.pickup.minecraft.wheat_seeds":4,"stat.drop":36,"stat.pickup.mts.mts.handbook_car":1,"stat.playOneMinute":50163,"stat.drop.minecraft.wheat_seeds":4,"stat.pickup.minecraft.rabbit_hide":1,"stat.useItem.minecraft.stone_pickaxe":51,"stat.useItem.minecraft.cooked_beef":11,"stat.sneakTime":315,"stat.pickup.minecraft.rabbit":1,"stat.damageDealt":568,"stat.killEntity.Rabbit":1,"stat.mineBlock.minecraft.iron_ore":19,"stat.timeSinceDeath":32554,"stat.useItem.minecraft.wooden_axe":2,"stat.mineBlock.minecraft.stone":27,"stat.mineBlock.minecraft.tallgrass":40,"stat.diveOneCm":11013,"stat.drop.minecraft.wooden_axe":1}