{"stat.useItem.minecraft.bow":1,"stat.useItem.minecraft.iron_axe":23,"stat.leaveGame":16,"stat.pickup.nocubessrpnests.neststonedarkwall":1,"stat.mineBlock.minecraft.cobblestone":14,"stat.craftItem.minecraft.iron_axe":1,"stat.mineBlock.charm.crate_sealed":1,"stat.killEntity.PigZombie":1,"stat.swimOneCm":18690,"stat.pickup.techguns.combatshotgun":1,"stat.useItem.minecraft.planks":4,"stat.climbOneCm":1663,"stat.killEntity.ellie":1,"stat.pickup.minecraft.cooked_porkchop":1,"stat.killEntity.techguns.ZombieSoldier":1,"stat.pickup.minecraft.porkchop":5,"stat.useItem.minecraft.dirt":5,"stat.useItem.minecraft.stone_slab2":11,"stat.pickup.minecraft.bow":2,"stat.drop.mts.mts.handbook_car":1,"stat.pickup.minecraft.iron_boots":1,"stat.drop.minecraft.iron_sword":1,"stat.useItem.minecraft.water_bucket":4,"stat.pickup.minecraft.rotten_flesh":2,"stat.pickup.ghostsexplosives.dust_potassium_nitrate":109,"stat.mineBlock.nocubessrpnests.nestegg":10,"stat.useItem.minecraft.iron_ore":19,"stat.pickup.minecraft.name_tag":2,"stat.craftItem.minecraft.cooked_beef":4,"stat.pickup.minecraft.cobblestone":48,"stat.flyOneCm":322010,"stat.useItem.minecraft.cooked_beef":29,"stat.drop.spartanweaponry.boomerang_iron":1,"stat.killEntity.techguns.ZombieFarmer":1,"stat.pickup.minecraft.redstone":10,"stat.mineBlock.minecraft.iron_ore":47,"stat.timeSinceDeath":16190,"stat.useItem.minecraft.iron_pickaxe":193,"stat.pickup.minecraft.mutton":7,"stat.killEntity.Bat":1,"stat.drop.minecraft.coal":27,"stat.mineBlock.minecraft.vine":1,"stat.pickup.thermalfoundation.material":3,"stat.pickup.techguns.basicore":7,"stat.furnaceInteraction":70,"stat.useItem.minecraft.cooked_porkchop":14,"stat.mineBlock.minecraft.coal_ore":31,"stat.pickup.srparasites.lurecomponent3":1,"stat.pickup.minecraft.shield":2,"stat.talkedToVillager":12,"stat.drop.minecraft.red_flower":1,"stat.pickup.minecraft.string":1,"stat.pickup.minecraft.beef":1,"stat.pickup.minecraft.furnace":5,"stat.useItem.minecraft.cooked_mutton":7,"stat.pickup.tombstone.crafting_ingredient":2,"stat.craftItem.minecraft.stone_slab2":0,"stat.sprintOneCm":308531,"stat.pickup.minecraft.iron_chestplate":1,"stat.craftItem.minecraft.stick":12,"stat.pickup.nocubessrpnests.organicsample":4,"stat.mineBlock.minecraft.crafting_table":8,"stat.useItem.minecraft.beef":1,"stat.deaths":4,"stat.drop":37,"stat.playOneMinute":144896,"stat.pickup.techguns.handcannon":1,"stat.killEntity.Sheep":4,"stat.craftItem.minecraft.iron_pickaxe":1,"stat.drop.techguns.handcannon":1,"stat.entityKilledBy.techguns.ZombiePigmanSoldier":1,"stat.pickup.minecraft.snowball":76,"stat.mineBlock.minecraft.tallgrass":6,"stat.craftItem.minecraft.cooked_mutton":7,"stat.diveOneCm":17152,"stat.chestOpened":44,"stat.drop.mts.mts.handbook_plane":1,"stat.pickup.techguns.m4":2,"stat.mineBlock.minecraft.netherrack":2,"stat.pickup.minecraft.iron_sword":3,"stat.pickup.minecraft.arrow":1,"stat.drop.minecraft.cooked_beef":3,"stat.craftItem.minecraft.cooked_porkchop":13,"stat.killEntity.luna":1,"stat.pickup.minecraft.gold_nugget":2,"stat.mineBlock.ghostsexplosives.ore_potassium":43,"stat.jump":1851,"stat.pickup.minecraft.coal":87,"stat.pickup.minecraft.iron_helmet":2,"stat.fallOneCm":44555,"stat.pickup.minecraft.iron_ingot":18,"stat.pickup.minecraft.gunpowder":3,"stat.useItem.minecraft.rabbit":2,"stat.crouchOneCm":5028,"stat.entityKilledBy.techguns.Bandit":1,"stat.craftItem.minecraft.iron_ingot":24,"stat.craftItem.minecraft.torch":12,"stat.pickup.minecraft.dirt":20,"stat.craftingTableInteraction":7,"stat.pickup.minecraft.iron_ore":56,"stat.boatOneCm":69830,"stat.pickup.minecraft.wooden_pickaxe":1,"stat.damageTaken":5770,"stat.pickup.minecraft.leather":3,"stat.mineBlock.minecraft.torch":2,"stat.mineBlock.minecraft.furnace":4,"stat.killEntity.techguns.ZombieMiner":4,"stat.useItem.minecraft.wooden_pickaxe":4,"stat.useItem.minecraft.furnace":3,"stat.pickup.srparasites.assimilated_flesh":1,"stat.pickup.minecraft.dye":19,"stat.pickup.minecraft.reeds":10,"stat.pickup.minecraft.iron_leggings":2,"stat.pickup.minecraft.bed":5,"tombstone:undead_killed":11,"stat.pickup.minecraft.wheat_seeds":2,"stat.pickup.techguns.t1_miner_chestplate":1,"stat.pickup.srparasites.canisteractive":2,"stat.pickup.minecraft.rabbit_hide":2,"stat.damageDealt":4650,"stat.killEntity.techguns.ZombiePigmanSoldier":2,"stat.sleepInBed":1,"stat.mineBlock.minecraft.dirt":5,"stat.useItem.minecraft.crafting_table":1,"stat.pickup.minecraft.boat":2,"stat.pickup.techguns.itemshared":35,"stat.walkOneCm":272381,"stat.useItem.minecraft.torch":3,"stat.pickup.minecraft.crafting_table":5,"stat.pickup.techguns.t1_miner_boots":1,"stat.useItem.minecraft.cobblestone":39,"stat.mineBlock.techguns.basicore":2,"stat.craftItem.minecraft.crafting_table":1,"stat.mineBlock.srparasites.canisteractive":3,"stat.pickup.techguns.thompson":1,"stat.pickup.minecraft.log":7,"stat.pickup.techguns.t1_combat_boots":1,"stat.pickup.minecraft.iron_pickaxe":1,"stat.pickup.minecraft.stone":1,"stat.drop.minecraft.planks":1,"stat.pickup.mca.rose_gold_ingot":10,"stat.pickup.minecraft.sapling":2,"stat.pickup.minecraft.cooked_beef":151,"stat.killEntity.Skeleton":2,"stat.craftItem.minecraft.planks":28,"stat.useItem.minecraft.iron_sword":80,"stat.pickup.minecraft.bread":22,"stat.pickup.techguns.pistol":1,"stat.mobKills":27,"stat.mineBlock.minecraft.log":7,"stat.useItem.minecraft.boat":1,"stat.pickup.minecraft.torch":1,"stat.pickup.minecraft.red_flower":1,"stat.sneakTime":2772,"stat.pickup.minecraft.wool":4,"stat.pickup.minecraft.rabbit":2,"stat.mineBlock.minecraft.stone":32}