{"stat.useItem.minecraft.bow":1,"stat.pickup.minecraft.tripwire_hook":1,"stat.pickup.minecraft.stone_pressure_plate":1,"stat.horseOneCm":2204,"stat.useItem.minecraft.iron_axe":37,"stat.leaveGame":18,"stat.pickup.nocubessrpnests.neststonedarkwall":1,"stat.mineBlock.minecraft.cobblestone":14,"stat.pickup.minecraft.flint":1,"stat.craftItem.minecraft.iron_axe":1,"stat.drop.minecraft.redstone":1,"stat.mineBlock.srparasites.gore":7,"stat.mineBlock.minecraft.sandstone":41,"stat.mineBlock.minecraft.stained_glass_pane":2,"stat.mineBlock.charm.crate_sealed":1,"stat.killEntity.PigZombie":1,"stat.useItem.spartanweaponry.greatsword_iron":62,"stat.swimOneCm":25627,"stat.pickup.techguns.combatshotgun":1,"stat.useItem.minecraft.planks":5,"stat.climbOneCm":4259,"stat.killEntity.ellie":1,"stat.pickup.minecraft.cooked_porkchop":1,"stat.killEntity.techguns.ZombieSoldier":3,"stat.pickup.minecraft.porkchop":5,"stat.useItem.minecraft.dirt":8,"stat.useItem.minecraft.stone_slab2":18,"stat.pickup.minecraft.bow":2,"stat.drop.mts.mts.handbook_car":1,"stat.pickup.minecraft.iron_boots":1,"stat.drop.minecraft.iron_sword":1,"stat.useItem.minecraft.water_bucket":11,"stat.pickup.minecraft.rotten_flesh":3,"stat.pickup.ghostsexplosives.dust_potassium_nitrate":109,"stat.mineBlock.nocubessrpnests.nestegg":10,"stat.useItem.minecraft.iron_ore":19,"stat.pickup.minecraft.name_tag":2,"stat.craftItem.minecraft.cooked_beef":4,"stat.pickup.minecraft.cobblestone":62,"stat.flyOneCm":584388,"stat.pickup.minecraft.sandstone":42,"stat.pickup.minecraft.brown_mushroom":1,"stat.pickup.minecraft.fish":1,"stat.useItem.minecraft.cooked_beef":51,"stat.drop.spartanweaponry.boomerang_iron":1,"stat.killEntity.techguns.ZombieFarmer":2,"stat.pickup.minecraft.redstone":11,"stat.mineBlock.minecraft.iron_ore":47,"stat.timeSinceDeath":74684,"stat.useItem.minecraft.iron_pickaxe":270,"stat.pickup.minecraft.stained_hardened_clay":1,"stat.pickup.minecraft.mutton":7,"stat.killEntity.Bat":1,"stat.killEntity.techguns.SkeletonSoldier":1,"stat.drop.minecraft.coal":27,"stat.mineBlock.minecraft.vine":1,"stat.pickup.thermalfoundation.material":3,"stat.pickup.techguns.basicore":7,"stat.furnaceInteraction":73,"stat.useItem.minecraft.cooked_porkchop":14,"stat.craftItem.spartanweaponry.material":1,"stat.mineBlock.minecraft.coal_ore":43,"stat.pickup.srparasites.lurecomponent3":1,"stat.mineBlock.minecraft.nether_brick":7,"stat.pickup.srparasites.lurecomponent1":1,"stat.pickup.minecraft.shield":2,"stat.talkedToVillager":51,"stat.drop.minecraft.red_flower":1,"stat.pickup.minecraft.string":1,"stat.pickup.minecraft.beef":1,"stat.pickup.minecraft.furnace":5,"stat.useItem.minecraft.cooked_mutton":7,"stat.pickup.tombstone.crafting_ingredient":3,"stat.craftItem.minecraft.stone_slab2":0,"stat.mineBlock.chisel.technical":10,"stat.mineBlock.minecraft.stained_hardened_clay":1,"stat.sprintOneCm":517494,"stat.pickup.minecraft.iron_chestplate":1,"stat.craftItem.minecraft.stick":12,"stat.useItem.tombstone.magic_scroll":2,"stat.mineBlock.minecraft.fence":1,"stat.pickup.nocubessrpnests.organicsample":4,"stat.mineBlock.minecraft.crafting_table":10,"stat.useItem.minecraft.carrot":1,"stat.pickup.minecraft.emerald":2,"stat.useItem.minecraft.beef":1,"stat.deaths":4,"stat.mineBlock.minecraft.planks":2,"stat.drop":41,"stat.playOneMinute":203390,"stat.pickup.techguns.handcannon":1,"stat.killEntity.Sheep":4,"stat.drop.techguns.m4":1,"stat.craftItem.minecraft.iron_pickaxe":2,"stat.drop.techguns.handcannon":1,"stat.entityKilledBy.techguns.ZombiePigmanSoldier":1,"stat.craftItem.spartanweaponry.greatsword_iron":1,"stat.pickup.minecraft.snowball":76,"stat.mineBlock.minecraft.tallgrass":9,"stat.craftItem.minecraft.cooked_mutton":7,"stat.diveOneCm":257877,"stat.chestOpened":102,"stat.pickup.techguns.t1_scout_leggings":1,"stat.drop.srparasites.lurecomponent1":1,"stat.drop.mts.mts.handbook_plane":1,"stat.pickup.techguns.m4":2,"stat.mineBlock.minecraft.netherrack":2,"stat.pickup.minecraft.gravel":2,"stat.pickup.minecraft.iron_sword":3,"stat.pickup.minecraft.arrow":1,"stat.drop.minecraft.cooked_beef":3,"stat.craftItem.minecraft.cooked_porkchop":13,"stat.killEntity.luna":1,"stat.pickup.minecraft.gold_nugget":2,"stat.mineBlock.ghostsexplosives.ore_potassium":43,"stat.jump":2935,"stat.pickup.minecraft.fence":1,"stat.pickup.minecraft.coal":105,"stat.pickup.minecraft.iron_helmet":2,"stat.fallOneCm":75778,"stat.pickup.minecraft.iron_ingot":20,"stat.pickup.minecraft.carrot":2,"stat.pickup.minecraft.gunpowder":14,"stat.useItem.minecraft.rabbit":2,"stat.crouchOneCm":5827,"stat.entityKilledBy.techguns.Bandit":1,"stat.craftItem.minecraft.iron_ingot":24,"stat.craftItem.minecraft.torch":12,"stat.pickup.minecraft.dirt":25,"stat.killEntity.techguns.ArmySoldier":1,"stat.craftingTableInteraction":15,"stat.pickup.minecraft.iron_ore":56,"stat.boatOneCm":77380,"stat.pickup.chisel.technical":6,"stat.killEntity.jenny":1,"stat.pickup.minecraft.wooden_pickaxe":1,"stat.killEntity.techguns.Bandit":3,"stat.damageTaken":7576,"stat.pickup.minecraft.leather":3,"stat.mineBlock.minecraft.torch":3,"stat.mineBlock.minecraft.furnace":4,"stat.killEntity.techguns.ZombieMiner":12,"stat.useItem.minecraft.wooden_pickaxe":4,"stat.useItem.minecraft.furnace":3,"stat.pickup.srparasites.assimilated_flesh":1,"stat.pickup.minecraft.dye":19,"stat.pickup.minecraft.planks":2,"stat.pickup.minecraft.reeds":10,"stat.pickup.minecraft.iron_leggings":2,"stat.pickup.minecraft.bed":8,"tombstone:undead_killed":23,"stat.pickup.minecraft.wheat_seeds":6,"stat.pickup.minecraft.potato":1,"stat.pickup.techguns.t1_miner_chestplate":1,"stat.pickup.srparasites.canisteractive":2,"stat.pickup.minecraft.rabbit_hide":2,"stat.mineBlock.minecraft.gravel":7,"stat.damageDealt":7692,"stat.killEntity.techguns.ZombiePigmanSoldier":2,"stat.sleepInBed":6,"stat.mineBlock.minecraft.dirt":10,"stat.useItem.minecraft.crafting_table":3,"stat.killEntity.VindicationIllager":3,"stat.pickup.minecraft.boat":3,"stat.pickup.techguns.itemshared":36,"stat.walkOneCm":388874,"stat.useItem.minecraft.torch":3,"stat.pickup.minecraft.crafting_table":7,"stat.pickup.techguns.t1_miner_boots":1,"stat.useItem.minecraft.cobblestone":39,"stat.mineBlock.techguns.basicore":2,"stat.craftItem.minecraft.crafting_table":1,"stat.useItem.minecraft.gravel":1,"stat.mineBlock.srparasites.canisteractive":3,"stat.pickup.techguns.thompson":1,"stat.pickup.minecraft.log":7,"stat.pickup.techguns.t1_combat_boots":1,"stat.pickup.minecraft.iron_pickaxe":1,"stat.pickup.minecraft.stone":1,"stat.drop.minecraft.planks":1,"stat.pickup.mca.rose_gold_ingot":10,"stat.pickup.minecraft.sapling":2,"stat.pickup.minecraft.cooked_beef":151,"stat.killEntity.Skeleton":2,"stat.pickup.minecraft.beetroot":1,"stat.mineBlock.minecraft.tripwire_hook":1,"stat.craftItem.minecraft.planks":28,"stat.useItem.minecraft.iron_sword":80,"stat.pickup.cyclicmagic.tool_harvest_leaves":1,"stat.killEntity.Spider":1,"stat.pickup.minecraft.bread":22,"stat.pickup.techguns.pistol":1,"stat.mobKills":54,"stat.mineBlock.minecraft.log":7,"stat.useItem.minecraft.boat":2,"stat.pickup.minecraft.beetroot_seeds":1,"stat.pickup.minecraft.torch":2,"stat.pickup.minecraft.red_flower":1,"stat.sneakTime":3604,"stat.pickup.minecraft.wool":4,"stat.pickup.minecraft.rabbit":2,"stat.drop.cyclicmagic.tool_harvest_leaves":1,"stat.mineBlock.minecraft.stone":36,"stat.useItem.minecraft.beetroot":1,"stat.useItem.minecraft.sandstone":1}