{"stat.useItem.minecraft.bow":1,"stat.useItem.minecraft.iron_axe":10,"stat.leaveGame":11,"stat.pickup.nocubessrpnests.neststonedarkwall":1,"stat.mineBlock.minecraft.cobblestone":13,"stat.craftItem.minecraft.iron_axe":1,"stat.mineBlock.charm.crate_sealed":1,"stat.swimOneCm":15844,"stat.useItem.minecraft.planks":4,"stat.climbOneCm":1423,"stat.killEntity.ellie":1,"stat.pickup.minecraft.cooked_porkchop":1,"stat.killEntity.techguns.ZombieSoldier":1,"stat.pickup.minecraft.porkchop":5,"stat.useItem.minecraft.dirt":5,"stat.useItem.minecraft.stone_slab2":8,"stat.pickup.minecraft.bow":2,"stat.drop.mts.mts.handbook_car":1,"stat.pickup.minecraft.iron_boots":1,"stat.pickup.ghostsexplosives.dust_potassium_nitrate":109,"stat.mineBlock.nocubessrpnests.nestegg":10,"stat.useItem.minecraft.iron_ore":19,"stat.craftItem.minecraft.cooked_beef":4,"stat.pickup.minecraft.cobblestone":47,"stat.flyOneCm":266286,"stat.useItem.minecraft.cooked_beef":14,"stat.killEntity.techguns.ZombieFarmer":1,"stat.mineBlock.minecraft.iron_ore":47,"stat.timeSinceDeath":81150,"stat.useItem.minecraft.iron_pickaxe":189,"stat.pickup.minecraft.mutton":7,"stat.killEntity.Bat":1,"stat.drop.minecraft.coal":27,"stat.mineBlock.minecraft.vine":1,"stat.pickup.techguns.basicore":7,"stat.furnaceInteraction":61,"stat.useItem.minecraft.cooked_porkchop":11,"stat.mineBlock.minecraft.coal_ore":31,"stat.pickup.srparasites.lurecomponent3":1,"stat.pickup.minecraft.shield":1,"stat.talkedToVillager":12,"stat.drop.minecraft.red_flower":1,"stat.pickup.minecraft.beef":1,"stat.pickup.minecraft.furnace":5,"stat.useItem.minecraft.cooked_mutton":5,"stat.craftItem.minecraft.stone_slab2":0,"stat.sprintOneCm":227263,"stat.craftItem.minecraft.stick":12,"stat.pickup.nocubessrpnests.organicsample":4,"stat.mineBlock.minecraft.crafting_table":8,"stat.useItem.minecraft.beef":1,"stat.drop":34,"stat.playOneMinute":81150,"stat.pickup.techguns.handcannon":1,"stat.killEntity.Sheep":4,"stat.craftItem.minecraft.iron_pickaxe":1,"stat.drop.techguns.handcannon":1,"stat.pickup.minecraft.snowball":76,"stat.mineBlock.minecraft.tallgrass":3,"stat.craftItem.minecraft.cooked_mutton":7,"stat.diveOneCm":13506,"stat.chestOpened":13,"stat.drop.mts.mts.handbook_plane":1,"stat.pickup.minecraft.iron_sword":3,"stat.pickup.minecraft.arrow":1,"stat.drop.minecraft.cooked_beef":2,"stat.craftItem.minecraft.cooked_porkchop":13,"stat.killEntity.luna":1,"stat.mineBlock.ghostsexplosives.ore_potassium":43,"stat.jump":1441,"stat.pickup.minecraft.coal":83,"stat.pickup.minecraft.iron_helmet":1,"stat.fallOneCm":36511,"stat.pickup.minecraft.iron_ingot":18,"stat.pickup.minecraft.gunpowder":3,"stat.useItem.minecraft.rabbit":2,"stat.crouchOneCm":3388,"stat.craftItem.minecraft.iron_ingot":24,"stat.craftItem.minecraft.torch":12,"stat.pickup.minecraft.dirt":20,"stat.craftingTableInteraction":7,"stat.pickup.minecraft.iron_ore":56,"stat.boatOneCm":69830,"stat.pickup.minecraft.wooden_pickaxe":1,"stat.damageTaken":2490,"stat.pickup.minecraft.leather":3,"stat.mineBlock.minecraft.torch":1,"stat.mineBlock.minecraft.furnace":4,"stat.killEntity.techguns.ZombieMiner":4,"stat.useItem.minecraft.wooden_pickaxe":4,"stat.useItem.minecraft.furnace":3,"stat.pickup.srparasites.assimilated_flesh":1,"stat.pickup.minecraft.dye":7,"stat.pickup.minecraft.reeds":10,"stat.pickup.minecraft.iron_leggings":1,"stat.pickup.minecraft.bed":3,"tombstone:undead_killed":7,"stat.pickup.minecraft.wheat_seeds":2,"stat.pickup.techguns.t1_miner_chestplate":1,"stat.pickup.srparasites.canisteractive":2,"stat.pickup.minecraft.rabbit_hide":2,"stat.damageDealt":3897,"stat.sleepInBed":1,"stat.mineBlock.minecraft.dirt":5,"stat.useItem.minecraft.crafting_table":1,"stat.pickup.minecraft.boat":2,"stat.pickup.techguns.itemshared":2,"stat.walkOneCm":173448,"stat.useItem.minecraft.torch":3,"stat.pickup.minecraft.crafting_table":5,"stat.pickup.techguns.t1_miner_boots":1,"stat.useItem.minecraft.cobblestone":39,"stat.mineBlock.techguns.basicore":2,"stat.craftItem.minecraft.crafting_table":1,"stat.mineBlock.srparasites.canisteractive":3,"stat.pickup.minecraft.log":7,"stat.pickup.minecraft.iron_pickaxe":1,"stat.pickup.minecraft.stone":1,"stat.drop.minecraft.planks":1,"stat.pickup.minecraft.sapling":2,"stat.pickup.minecraft.cooked_beef":16,"stat.killEntity.Skeleton":1,"stat.craftItem.minecraft.planks":28,"stat.useItem.minecraft.iron_sword":70,"stat.mobKills":20,"stat.mineBlock.minecraft.log":7,"stat.useItem.minecraft.boat":1,"stat.pickup.minecraft.torch":1,"stat.pickup.minecraft.red_flower":1,"stat.sneakTime":1781,"stat.pickup.minecraft.wool":4,"stat.pickup.minecraft.rabbit":2,"stat.mineBlock.minecraft.stone":32}