{"stat.useItem.minecraft.string":1,"stat.drop.cyclicmagic.emerald_pickaxe":1,"stat.pickup.minecraft.bone":1,"stat.pickup.cyclicmagic.emerald_pickaxe":2,"stat.leaveGame":3,"stat.drop.minecraft.stone_shovel":1,"stat.mineBlock.minecraft.cobblestone":5,"stat.useItem.futuremc.netherite_axe":41,"stat.mineBlock.minecraft.stained_glass_pane":2,"stat.mineBlock.charm.crate_sealed":3,"stat.swimOneCm":27969,"stat.climbOneCm":10229,"stat.mineBlock.minecraft.web":3,"stat.killEntity.futuremc:cod":1,"stat.killEntity.techguns.ZombieSoldier":4,"stat.pickup.techguns.boltaction":1,"stat.useItem.minecraft.dirt":1,"stat.useItem.minecraft.stone_slab2":18,"stat.mineBlock.minecraft.stone_brick_stairs":1,"stat.pickup.minecraft.rotten_flesh":2,"stat.pickup.ghostsexplosives.dust_potassium_nitrate":61,"stat.pickup.minecraft.sand":1,"stat.pickup.thermalfoundation.ore":16,"stat.useItem.futuremc.netherite_sword":84,"stat.mineBlock.nocubessrpnests.nestegg":1,"stat.pickup.minecraft.name_tag":2,"stat.pickup.ghostsexplosives.dust_uranium":1,"stat.drop.minecraft.ender_pearl":1,"stat.pickup.techguns.m4_infiltrator":1,"stat.pickup.minecraft.cobblestone":105,"stat.pickup.futuremc.sweet_berries":7,"stat.mineBlock.chisel.limestone2":2,"stat.flyOneCm":274535,"stat.useItem.minecraft.ender_pearl":1,"stat.mineBlock.minecraft.sand":1,"stat.useItem.chisel.limestone2":1,"stat.useItem.minecraft.cooked_beef":7,"stat.killEntity.techguns.ZombieFarmer":2,"stat.pickup.cyclicmagic.cyclic_wand_build":1,"stat.drop.ghostsexplosives.sulfur":1,"stat.mineBlock.minecraft.iron_ore":56,"stat.timeSinceDeath":71493,"stat.pickup.ic2.bronze_boots":1,"stat.drop.minecraft.spider_eye":2,"stat.craftItem.minecraft.wooden_pickaxe":1,"stat.pickup.ghostsexplosives.sulfur":26,"stat.drop.minecraft.name_tag":1,"stat.pickup.minecraft.mutton":1,"stat.killEntity.techguns.SkeletonSoldier":3,"stat.trappedChestTriggered":3,"stat.mineBlock.chisel.marble2":4,"stat.mineBlock.minecraft.vine":2,"stat.mineBlock.thermalfoundation.ore":16,"stat.pickup.techguns.basicore":13,"stat.pickup.minecraft.stonebrick":3,"stat.drop.minecraft.beetroot_seeds":1,"stat.mineBlock.minecraft.coal_ore":21,"stat.useItem.tombstone.lollipop":1,"stat.pickup.srparasites.lurecomponent1":11,"stat.talkedToVillager":17,"stat.pickup.minecraft.string":5,"stat.pickup.tombstone.crafting_ingredient":3,"stat.pickup.mts.mts.handbook_plane":1,"stat.pickup.minecraft.hay_block":7,"stat.killEntity.Squid":6,"stat.sprintOneCm":149499,"stat.pickup.minecraft.paper":17,"stat.craftItem.minecraft.stick":20,"stat.craftItem.minecraft.wooden_axe":1,"stat.pickup.tombstone.magic_scroll":4,"stat.pickup.ic2.resource":15,"stat.pickup.mca.rose_gold_ore":1,"stat.useItem.tombstone.magic_scroll":2,"stat.pickup.tombstone.lollipop":1,"stat.useItem.minecraft.bed":1,"stat.mineBlock.minecraft.fence":1,"stat.pickup.techguns.t1_miner_leggings":2,"stat.pickup.tombstone.scroll_buff":1,"stat.pickup.nocubessrpnests.organicsample":1,"stat.pickup.ic2.misc_resource":4,"stat.pickup.cyclicmagic.charm_air":1,"stat.deaths":1,"stat.mineBlock.minecraft.planks":1,"stat.drop":19,"stat.playOneMinute":73681,"stat.killEntity.Zombie":1,"stat.mineBlock.minecraft.gold_ore":3,"stat.pickup.chisel.marble2":4,"stat.mineBlock.minecraft.tallgrass":1,"stat.diveOneCm":50277,"stat.pickup.techguns.flamethrower":3,"stat.pickup.minecraft.wheat":3,"stat.pickup.techguns.mac10":1,"stat.chestOpened":39,"stat.pickup.cyclicmagic.charm_fire":1,"stat.drop.ghostsexplosives.dust_uranium":1,"stat.useItem.minecraft.stone":3,"stat.drop.minecraft.wooden_pickaxe":2,"stat.pickup.techguns.m4":2,"stat.pickup.minecraft.arrow":1,"stat.pickup.techguns.t1_combat_chestplate":1,"stat.pickup.charm.charged_emerald":2,"stat.mineBlock.ghostsexplosives.ore_potassium":19,"stat.pickup.minecraft.stone_brick_stairs":1,"stat.jump":1545,"stat.pickup.minecraft.fence":1,"stat.pickup.minecraft.coal":24,"stat.fallOneCm":33924,"stat.pickup.minecraft.iron_ingot":1,"stat.pickup.minecraft.gunpowder":1,"stat.crouchOneCm":4369,"stat.pickup.minecraft.spider_eye":2,"stat.pickup.minecraft.dirt":9,"stat.killEntity.techguns.ZombiePoliceman":4,"stat.killEntity.techguns.ArmySoldier":3,"stat.killEntity.thermalfoundation.blizz":1,"stat.pickup.minecraft.iron_ore":55,"stat.craftingTableInteraction":1,"stat.mineBlock.mca.rose_gold_ore":1,"stat.pickup.minecraft.stone_shovel":1,"stat.pickup.techguns.revolver":1,"stat.mineBlock.ghostsexplosives.ore_uranium":1,"stat.pickup.minecraft.gold_ore":3,"stat.mineBlock.ic2.resource":7,"stat.mineBlock.minecraft.log2":5,"stat.pickup.minecraft.wooden_pickaxe":1,"stat.useItem.chisel.marble2":2,"stat.damageTaken":1726,"stat.useItem.futuremc.sweet_berries":6,"stat.mineBlock.ghostsexplosives.ore_sulfur":6,"stat.mineBlock.minecraft.torch":3,"stat.killEntity.techguns.ZombieMiner":2,"stat.useItem.minecraft.wooden_pickaxe":21,"stat.drop.mca.rose_gold_ore":1,"stat.pickup.srparasites.assimilated_flesh":2,"stat.pickup.minecraft.log2":5,"stat.pickup.minecraft.dye":6,"stat.pickup.minecraft.planks":1,"stat.pickup.chisel.limestone2":2,"stat.pickup.minecraft.bed":3,"tombstone:undead_killed":17,"stat.useItem.futuremc.netherite_pickaxe":243,"stat.damageDealt":6664,"stat.sleepInBed":3,"stat.mineBlock.minecraft.dirt":9,"stat.drop.techguns.itemshared":1,"stat.pickup.techguns.itemshared":39,"stat.walkOneCm":206791,"stat.useItem.minecraft.torch":17,"stat.playerKills":1,"stat.drop.minecraft.rotten_flesh":2,"stat.pickup.techguns.t1_miner_boots":1,"stat.mineBlock.techguns.basicore":8,"stat.useItem.minecraft.cobblestone":92,"stat.craftItem.minecraft.crafting_table":1,"stat.mineBlock.minecraft.double_plant":2,"stat.pickup.minecraft.log":6,"stat.pickup.minecraft.web":5,"stat.pickup.minecraft.stone":4,"stat.pickup.minecraft.sapling":2,"stat.pickup.techguns.t2_combat_leggings":1,"stat.drop.srparasites.assimilated_flesh":2,"stat.pickup.minecraft.gold_ingot":10,"tombstone:eaten_lollipop":1,"stat.pickup.cyclicmagic.charm_antidote":2,"stat.killEntity.Skeleton":1,"stat.mineBlock.minecraft.stonebrick":4,"stat.craftItem.minecraft.planks":44,"stat.drop.techguns.revolver":1,"stat.killEntity.Spider":1,"stat.mobKills":47,"stat.useItem.minecraft.stonebrick":1,"stat.mineBlock.minecraft.log":6,"stat.mineBlock.minecraft.leaves":2,"stat.pickup.minecraft.beetroot_seeds":1,"stat.pickup.minecraft.torch":35,"stat.sneakTime":1589,"stat.killEntity.techguns.Commando":3,"stat.mineBlock.minecraft.hay_block":7,"stat.mineBlock.minecraft.stone":107,"stat.pickup.minecraft.golden_rail":3,"stat.drop.minecraft.wooden_axe":1}