{"stat.useItem.minecraft.string":1,"stat.drop.minecraft.mutton":2,"stat.leaveGame":9,"stat.useItem.futuremc.netherite_axe":82,"stat.pickup.tombstone.familiar_stone":2,"stat.killEntity.Blaze":8,"stat.useItem.minecraft.planks":141,"stat.useItem.tombstone.familiar_stone":1,"stat.mineBlock.minecraft.web":4,"stat.killEntity.futuremc:cod":1,"stat.useItem.minecraft.water_bucket":2,"stat.pickup.futuremc.netherite_pickaxe":1,"stat.mineBlock.minecraft.stone_brick_stairs":1,"stat.pickup.minecraft.rotten_flesh":11,"stat.mineBlock.minecraft.nether_brick_fence":1,"stat.pickup.ghostsexplosives.dust_potassium_nitrate":88,"stat.pickup.minecraft.sand":1,"stat.mineBlock.nocubessrpnests.nestegg":1,"stat.pickup.minecraft.name_tag":2,"stat.pickup.techguns.m4_infiltrator":1,"stat.killEntity.Enderman":1,"stat.useItem.minecraft.ender_pearl":1,"stat.mineBlock.minecraft.sand":1,"stat.pickup.techguns.ak47":2,"stat.killEntity.techguns.ZombieFarmer":8,"stat.pickup.cyclicmagic.cyclic_wand_build":1,"stat.drop.ghostsexplosives.sulfur":1,"stat.craftItem.minecraft.wooden_pickaxe":1,"stat.pickup.ghostsexplosives.sulfur":26,"stat.trappedChestTriggered":3,"stat.mineBlock.chisel.marble2":4,"stat.mineBlock.minecraft.vine":2,"stat.pickup.thermalfoundation.material":2,"stat.pickup.techguns.basicore":16,"stat.furnaceInteraction":4,"stat.useItem.tombstone.lollipop":4,"stat.pickup.srparasites.lurecomponent1":19,"stat.pickup.techguns.nethermetal":1,"stat.pickup.guardscraft.crown":5,"stat.pickup.mts.mts.handbook_plane":1,"stat.pickup.minecraft.hay_block":7,"stat.pickup.tombstone.magic_scroll":9,"stat.killEntity.techguns.CyberDemon":1,"stat.pickup.mca.rose_gold_ore":1,"stat.pickup.minecraft.potion":1,"stat.mineBlock.minecraft.fence":1,"stat.useItem.minecraft.flint_and_steel":1,"stat.pickup.tombstone.scroll_buff":1,"stat.pickup.ic2.misc_resource":4,"stat.pickup.cyclicmagic.charm_air":1,"stat.deaths":1,"stat.playOneMinute":164587,"stat.pickup.techguns.handcannon":2,"stat.pickup.minecraft.blaze_rod":5,"stat.mineBlock.cyclicmagic.nether_lapis_ore":1,"stat.drop.techguns.handcannon":1,"stat.pickup.chisel.marble2":4,"stat.mineBlock.minecraft.tallgrass":2,"stat.pickup.minecraft.netherrack":87,"stat.pickup.techguns.flamethrower":3,"stat.chestOpened":73,"stat.pickup.cyclicmagic.charm_fire":1,"stat.useItem.minecraft.stone":7,"stat.mineBlock.minecraft.netherrack":87,"stat.pickup.minecraft.arrow":3,"stat.pickup.charm.charged_emerald":2,"stat.pickup.minecraft.gold_nugget":10,"stat.fallOneCm":68771,"stat.drop.minecraft.stone":15,"stat.crouchOneCm":20096,"stat.killEntity.techguns.ZombiePoliceman":4,"stat.killEntity.techguns.ArmySoldier":3,"stat.killEntity.thermalfoundation.blizz":1,"stat.craftingTableInteraction":5,"stat.pickup.minecraft.nether_brick_fence":1,"stat.pickup.techguns.revolver":1,"stat.mineBlock.ghostsexplosives.ore_uranium":1,"stat.mineBlock.ic2.resource":7,"stat.mineBlock.minecraft.log2":5,"stat.pickup.minecraft.wooden_pickaxe":1,"stat.useItem.chisel.marble2":2,"stat.killEntity.techguns.Bandit":2,"stat.useItem.futuremc.sweet_berries":6,"stat.mineBlock.ghostsexplosives.ore_sulfur":6,"stat.killEntity.techguns.ZombieMiner":12,"stat.useItem.minecraft.furnace":7,"stat.drop.mca.rose_gold_ore":1,"stat.pickup.minecraft.dye":8,"stat.pickup.minecraft.planks":3,"stat.pickup.chisel.limestone2":2,"stat.mineBlock.techguns.nethermetal":1,"stat.pickup.minecraft.wheat_seeds":4,"stat.pickup.techguns.t1_miner_chestplate":1,"stat.killEntity.techguns.ZombiePigmanSoldier":7,"stat.mineBlock.minecraft.dirt":9,"stat.useItem.minecraft.torch":76,"stat.pickup.minecraft.golden_apple":1,"stat.pickup.minecraft.iron_nugget":4,"stat.drop.minecraft.rotten_flesh":3,"stat.mineBlock.techguns.basicore":11,"stat.useItem.minecraft.cobblestone":190,"stat.craftItem.minecraft.crafting_table":1,"stat.drop.guardscraft.crown":2,"stat.mineBlock.minecraft.double_plant":2,"stat.killEntity.LavaSlime":5,"stat.pickup.minecraft.log":42,"stat.pickup.minecraft.compass":1,"stat.pickup.minecraft.web":5,"stat.pickup.minecraft.sapling":3,"stat.pickup.minecraft.apple":2,"stat.craftItem.minecraft.planks":188,"stat.drop.techguns.revolver":1,"stat.useItem.minecraft.stonebrick":1,"stat.pickup.minecraft.book":5,"stat.mineBlock.minecraft.log":42,"stat.sneakTime":5062,"stat.killEntity.techguns.Commando":3,"stat.pickup.minecraft.golden_rail":3,"stat.drop.minecraft.wooden_axe":1,"stat.drop.cyclicmagic.emerald_pickaxe":1,"stat.pickup.minecraft.bone":3,"stat.pickup.cyclicmagic.emerald_pickaxe":2,"stat.drop.minecraft.stone_shovel":1,"stat.mineBlock.minecraft.cobblestone":8,"stat.pickup.minecraft.flint":1,"stat.mineBlock.srparasites.gore":6,"stat.pickup.techguns.netherblaster":1,"stat.mineBlock.minecraft.stained_glass_pane":2,"stat.mineBlock.charm.crate_sealed":6,"stat.swimOneCm":53235,"stat.climbOneCm":10229,"stat.pickup.minecraft.enchanted_book":1,"stat.mineBlock.cyclicmagic.nether_diamond_ore":5,"stat.killEntity.techguns.ZombieSoldier":9,"stat.mineBlock.cyclicmagic.nether_iron_ore":1,"stat.pickup.techguns.boltaction":1,"stat.useItem.minecraft.dirt":1,"stat.useItem.minecraft.stone_slab2":43,"stat.pickup.minecraft.bow":1,"stat.pickup.minecraft.stone_hoe":1,"stat.craftItem.minecraft.furnace":8,"stat.pickup.thermalfoundation.ore":16,"stat.pickup.minecraft.map":1,"stat.useItem.futuremc.netherite_sword":260,"stat.pickup.ghostsexplosives.dust_uranium":1,"stat.drop.minecraft.ender_pearl":1,"stat.pickup.minecraft.cobblestone":516,"stat.mineBlock.minecraft.carpet":21,"stat.pickup.futuremc.sweet_berries":13,"stat.mineBlock.chisel.limestone2":2,"stat.flyOneCm":656863,"stat.pickup.minecraft.soul_sand":2,"stat.useItem.chisel.limestone2":1,"stat.drop.minecraft.wheat_seeds":2,"stat.mineBlock.charm.nether_gold_deposit":6,"stat.useItem.minecraft.cooked_beef":9,"stat.pickup.minecraft.redstone":41,"stat.mineBlock.minecraft.iron_ore":93,"stat.timeSinceDeath":162399,"stat.pickup.ic2.bronze_boots":1,"stat.drop.minecraft.spider_eye":4,"stat.drop.minecraft.name_tag":1,"stat.pickup.minecraft.mutton":3,"stat.killEntity.techguns.SkeletonSoldier":9,"stat.drop.futuremc.netherite_pickaxe":1,"stat.mineBlock.thermalfoundation.ore":16,"stat.pickup.minecraft.stonebrick":5,"stat.drop.minecraft.flint_and_steel":1,"stat.pickup.minecraft.carpet":27,"stat.drop.minecraft.beetroot_seeds":1,"stat.mineBlock.minecraft.coal_ore":29,"stat.killEntity.Creeper":4,"stat.talkedToVillager":17,"stat.pickup.techguns.t1_combat_helmet":1,"stat.pickup.minecraft.string":12,"stat.pickup.tombstone.crafting_ingredient":18,"stat.killEntity.Squid":7,"stat.sprintOneCm":360545,"stat.pickup.minecraft.paper":27,"stat.mineBlock.cyclicmagic.nether_gold_ore":3,"stat.craftItem.minecraft.stick":20,"stat.craftItem.minecraft.wooden_axe":1,"stat.pickup.ic2.resource":19,"stat.useItem.tombstone.magic_scroll":2,"stat.pickup.tombstone.lollipop":4,"stat.useItem.minecraft.bed":1,"stat.mineBlock.minecraft.diamond_ore":29,"stat.pickup.techguns.t1_miner_leggings":3,"stat.pickup.nocubessrpnests.organicsample":1,"stat.pickup.charm.suspicious_soup":2,"stat.mineBlock.minecraft.planks":3,"stat.drop":60,"stat.drop.ghostsexplosives.dust_potassium_nitrate":4,"stat.killEntity.Zombie":3,"stat.mineBlock.minecraft.gold_ore":3,"stat.drop.cyclicmagic.charm_antidote":1,"stat.diveOneCm":119837,"stat.pickup.minecraft.wheat":7,"stat.pickup.techguns.mac10":1,"stat.drop.ghostsexplosives.dust_uranium":1,"stat.drop.minecraft.wooden_pickaxe":2,"stat.pickup.techguns.m4":2,"stat.pickup.techguns.t1_combat_chestplate":1,"stat.useItem.minecraft.carpet":3,"stat.pickup.cyclicmagic.crafting_food":2,"stat.mineBlock.ghostsexplosives.ore_potassium":19,"stat.pickup.minecraft.stone_brick_stairs":1,"stat.jump":3475,"stat.pickup.minecraft.fence":1,"stat.pickup.minecraft.coal":59,"stat.pickup.minecraft.iron_ingot":6,"stat.pickup.minecraft.gunpowder":10,"stat.craftItem.minecraft.bread":17,"stat.pickup.minecraft.spider_eye":4,"stat.pickup.minecraft.dirt":9,"stat.drop.futuremc.sweet_berries":3,"stat.pickup.minecraft.iron_ore":92,"stat.mineBlock.mca.rose_gold_ore":1,"stat.pickup.minecraft.stone_shovel":1,"stat.pickup.minecraft.gold_ore":3,"stat.craftItem.minecraft.flint_and_steel":1,"stat.damageTaken":4272,"stat.pickup.minecraft.leather":3,"stat.mineBlock.minecraft.torch":4,"stat.useItem.minecraft.wooden_pickaxe":21,"stat.pickup.minecraft.magma_cream":1,"stat.pickup.srparasites.assimilated_flesh":2,"stat.pickup.minecraft.log2":5,"stat.pickup.minecraft.reeds":4,"stat.pickup.minecraft.bed":3,"tombstone:undead_killed":55,"stat.useItem.futuremc.netherite_pickaxe":645,"stat.damageDealt":16654,"stat.sleepInBed":3,"stat.pickup.hammertime.itemhammeriron":1,"stat.killEntity.Pig":1,"stat.drop.techguns.itemshared":4,"stat.pickup.techguns.itemshared":66,"stat.walkOneCm":481431,"stat.playerKills":1,"stat.pickup.futuremc.netherite_helmet":1,"stat.pickup.techguns.t1_miner_boots":1,"stat.pickup.techguns.thompson":1,"stat.useItem.tombstone.gift":1,"stat.pickup.minecraft.stone":79,"stat.drop.techguns.netherblaster":1,"stat.pickup.techguns.t2_combat_leggings":1,"stat.drop.srparasites.assimilated_flesh":2,"stat.pickup.minecraft.cooked_beef":477,"stat.pickup.minecraft.gold_ingot":13,"tombstone:eaten_lollipop":4,"stat.useItem.minecraft.netherrack":84,"stat.pickup.cyclicmagic.charm_antidote":3,"stat.killEntity.Skeleton":2,"stat.mineBlock.minecraft.stonebrick":4,"stat.killEntity.Chicken":1,"stat.killEntity.Spider":4,"stat.mobKills":126,"stat.useItem.minecraft.golden_apple":2,"stat.pickup.minecraft.water_bucket":1,"stat.pickup.minecraft.diamond":34,"stat.mineBlock.minecraft.leaves":3,"stat.pickup.minecraft.beetroot_seeds":1,"stat.pickup.minecraft.torch":39,"stat.mineBlock.minecraft.redstone_ore":5,"stat.drop.minecraft.arrow":2,"stat.mineBlock.minecraft.hay_block":7,"stat.mineBlock.minecraft.stone":319}