{"stat.chestOpened":8,"stat.cakeSlicesEaten":2,"stat.killEntity.techguns.SkeletonSoldier":1,"stat.pickup.techguns.itemshared":1,"stat.walkOneCm":80640,"stat.trappedChestTriggered":1,"stat.useItem.minecraft.chest":1,"stat.mineBlock.minecraft.coal_block":1,"stat.mineBlock.chisel.marble2":8,"stat.mineBlock.thermalfoundation.ore":2,"stat.pickup.techguns.basicore":1,"stat.useItem.minecraft.cobblestone":10,"stat.mineBlock.techguns.basicore":1,"stat.furnaceInteraction":1,"stat.craftItem.minecraft.crafting_table":1,"stat.useItem.futuremc.netherite_axe":16,"stat.talkedToVillager":6,"stat.mineBlock.ghostsexplosives.ore_potassium":4,"stat.pickup.minecraft.log":13,"stat.swimOneCm":2118,"stat.jump":481,"stat.fallOneCm":9987,"stat.climbOneCm":542,"stat.drop.minecraft.cobblestone":4,"stat.pickup.minecraft.carrot":1,"stat.killEntity.techguns.ZombieSoldier":1,"stat.pickup.minecraft.stone":1,"stat.crouchOneCm":2100,"stat.craftItem.minecraft.chest":2,"stat.pickup.minecraft.dirt":5,"stat.useItem.minecraft.dirt":3,"stat.sprintOneCm":44660,"stat.useItem.minecraft.stone_slab2":10,"stat.killEntity.futuremc:salmon":1,"stat.craftingTableInteraction":3,"stat.pickup.minecraft.iron_ore":4,"stat.pickup.ghostsexplosives.dust_potassium_nitrate":7,"stat.pickup.ic2.resource":2,"stat.pickup.minecraft.coal_block":1,"stat.pickup.thermalfoundation.ore":2,"stat.mineBlock.ic2.resource":2,"stat.useItem.minecraft.bed":1,"stat.craftItem.minecraft.planks":52,"stat.useItem.futuremc.netherite_sword":17,"stat.mineBlock.minecraft.glass_pane":2,"stat.useItem.chisel.marble2":7,"stat.damageTaken":389,"stat.mineBlock.ghostsexplosives.ore_sulfur":6,"stat.killEntity.techguns.ZombieMiner":2,"stat.pickup.minecraft.cobblestone":19,"stat.mobKills":7,"stat.mineBlock.minecraft.log":13,"stat.flyOneCm":64126,"stat.pickup.minecraft.bed":2,"tombstone:undead_killed":5,"stat.drop":1,"stat.playOneMinute":25637,"stat.killEntity.Sheep":1,"stat.useItem.minecraft.cooked_beef":4,"stat.sneakTime":656,"stat.killEntity.techguns.ZombieFarmer":1,"stat.pickup.minecraft.wool":1,"stat.useItem.futuremc.netherite_pickaxe":46,"stat.damageDealt":1032,"stat.mineBlock.minecraft.iron_ore":4,"stat.sleepInBed":3,"stat.timeSinceDeath":25637,"stat.mineBlock.minecraft.dirt":5,"stat.mineBlock.minecraft.stone":18,"stat.pickup.chisel.marble2":8,"stat.diveOneCm":11556,"stat.pickup.minecraft.mutton":1,"stat.pickup.ghostsexplosives.sulfur":10}