{"stat.chestOpened":9,"stat.cakeSlicesEaten":2,"stat.pickup.ic2.ingot":3,"stat.pickup.techguns.m4":1,"stat.leaveGame":1,"stat.useItem.futuremc.netherite_axe":17,"stat.mineBlock.ghostsexplosives.ore_potassium":4,"stat.swimOneCm":5195,"stat.jump":677,"stat.pickup.techguns.combatshotgun":1,"stat.pickup.minecraft.iron_helmet":1,"stat.pickup.minecraft.coal":2,"stat.fallOneCm":12679,"stat.climbOneCm":542,"stat.useItem.minecraft.planks":29,"stat.pickup.minecraft.enchanted_book":1,"stat.drop.minecraft.cobblestone":4,"stat.pickup.minecraft.carrot":4,"stat.killEntity.techguns.ZombieSoldier":1,"stat.drop.minecraft.stone_sword":1,"stat.crouchOneCm":3091,"stat.craftItem.minecraft.chest":2,"stat.pickup.minecraft.dirt":6,"stat.useItem.minecraft.dirt":3,"stat.useItem.minecraft.stone_slab2":12,"stat.craftingTableInteraction":3,"stat.pickup.minecraft.iron_ore":4,"stat.pickup.ghostsexplosives.dust_potassium_nitrate":7,"stat.pickup.thermalfoundation.ore":3,"stat.mineBlock.ic2.resource":2,"stat.pickup.minecraft.map":3,"stat.useItem.futuremc.netherite_sword":20,"stat.mineBlock.minecraft.glass_pane":2,"stat.useItem.chisel.marble2":7,"stat.damageTaken":734,"stat.mineBlock.ghostsexplosives.ore_sulfur":6,"stat.mineBlock.minecraft.furnace":2,"stat.killEntity.techguns.ZombieMiner":2,"stat.pickup.minecraft.cobblestone":19,"stat.pickup.techguns.aug":1,"stat.pickup.minecraft.planks":1,"stat.pickup.minecraft.iron_leggings":1,"stat.flyOneCm":99743,"stat.pickup.minecraft.bed":2,"tombstone:undead_killed":5,"stat.pickup.cyclicmagic.tool_auto_torch":1,"stat.pickup.minecraft.fish":2,"stat.pickup.techguns.ak47":2,"stat.useItem.minecraft.cooked_beef":8,"stat.killEntity.techguns.ZombieFarmer":1,"stat.useItem.futuremc.netherite_pickaxe":48,"stat.damageDealt":1087,"stat.mineBlock.minecraft.iron_ore":4,"stat.sleepInBed":3,"stat.timeSinceDeath":35668,"stat.mineBlock.minecraft.dirt":6,"stat.pickup.minecraft.chainmail_boots":1,"stat.pickup.minecraft.mutton":1,"stat.pickup.ghostsexplosives.sulfur":10,"stat.killEntity.techguns.SkeletonSoldier":1,"stat.pickup.techguns.itemshared":15,"stat.walkOneCm":110303,"stat.pickup.minecraft.armor_stand":1,"stat.trappedChestTriggered":1,"stat.pickup.minecraft.golden_apple":1,"stat.useItem.minecraft.chest":1,"stat.mineBlock.minecraft.coal_block":1,"stat.mineBlock.chisel.marble2":8,"stat.mineBlock.thermalfoundation.ore":2,"stat.pickup.techguns.basicore":2,"stat.useItem.minecraft.cobblestone":13,"stat.mineBlock.techguns.basicore":1,"stat.furnaceInteraction":1,"stat.craftItem.minecraft.crafting_table":1,"stat.pickup.minecraft.shield":2,"stat.pickup.techguns.thompson":2,"stat.talkedToVillager":6,"stat.pickup.minecraft.log":13,"stat.pickup.minecraft.furnace":2,"stat.pickup.minecraft.stone":1,"stat.sprintOneCm":56385,"stat.pickup.minecraft.iron_chestplate":1,"stat.killEntity.futuremc:salmon":1,"stat.pickup.tombstone.magic_scroll":1,"stat.pickup.ic2.resource":2,"stat.pickup.cyclicmagic.ender_pearl_mounted":1,"stat.pickup.minecraft.coal_block":2,"stat.useItem.minecraft.bed":1,"stat.pickup.techguns.grenadelauncher":1,"stat.pickup.cyclicmagic.sack_ender":1,"stat.craftItem.minecraft.planks":52,"stat.pickup.minecraft.stone_sword":1,"stat.pickup.techguns.pistol":1,"stat.mobKills":7,"stat.mineBlock.minecraft.log":13,"stat.useItem.minecraft.golden_apple":1,"stat.mineBlock.minecraft.planks":1,"stat.drop":2,"stat.playOneMinute":35668,"stat.pickup.minecraft.torch":1,"stat.killEntity.Sheep":1,"stat.sneakTime":972,"stat.pickup.minecraft.wool":1,"stat.mineBlock.minecraft.stone":18,"stat.pickup.chisel.marble2":8,"stat.diveOneCm":25346,"stat.pickup.techguns.flamethrower":2}