{"stat.chestOpened":4,"stat.pickup.techguns.itemshared":1,"stat.walkOneCm":31669,"stat.pickup.thermalfoundation.ore":1,"stat.trappedChestTriggered":1,"stat.useItem.futuremc.netherite_sword":4,"stat.damageTaken":240,"stat.mineBlock.thermalfoundation.ore":1,"stat.useItem.minecraft.cobblestone":2,"stat.killEntity.techguns.ZombieMiner":1,"stat.useItem.futuremc.netherite_axe":2,"stat.pickup.minecraft.cobblestone":3,"stat.mobKills":3,"stat.flyOneCm":18748,"tombstone:undead_killed":3,"stat.swimOneCm":450,"stat.jump":162,"stat.playOneMinute":12137,"stat.fallOneCm":3111,"stat.climbOneCm":542,"stat.useItem.minecraft.cooked_beef":3,"stat.sneakTime":150,"stat.killEntity.techguns.ZombieSoldier":1,"stat.killEntity.techguns.ZombieFarmer":1,"stat.useItem.futuremc.netherite_pickaxe":6,"stat.damageDealt":392,"stat.crouchOneCm":338,"stat.sleepInBed":1,"stat.timeSinceDeath":12137,"stat.pickup.minecraft.dirt":5,"stat.useItem.minecraft.dirt":3,"stat.sprintOneCm":16952,"stat.mineBlock.minecraft.dirt":5,"stat.useItem.minecraft.stone_slab2":3,"stat.mineBlock.minecraft.stone":5,"stat.diveOneCm":4238,"stat.craftingTableInteraction":1}