{
  "mts:rtfm": {
    "criteria": {
      "has_manual": "2024-10-08 20:26:02 +0000"
    },
    "done": true
  },
  "tombstone:tutorial/root": {
    "criteria": {
      "auto": "2024-10-08 20:26:02 +0000"
    },
    "done": true
  },
  "nocubessrparmory:advsrparmoryroot": {
    "criteria": {
      "advsrparmoryroot": "2024-10-08 20:26:02 +0000"
    },
    "done": true
  },
  "nocubessrpnests:advsrpnestsaddonroot": {
    "criteria": {
      "advsrpnestsaddonroot": "2024-10-08 20:26:02 +0000"
    },
    "done": true
  },
  "minecraft:adventure/adventuring_time": {
    "criteria": {
      "desert_hills": "2024-10-08 18:59:44 +0000",
      "plains": "2024-10-08 18:58:50 +0000",
      "river": "2024-10-08 19:00:10 +0000",
      "desert": "2024-10-08 18:59:40 +0000"
    },
    "done": false
  },
  "nocubessrpsurvival:advparasitesurvivalroot": {
    "criteria": {
      "advparasitesurvivalroot": "2024-10-08 20:26:02 +0000"
    },
    "done": true
  }
}