{
  "tombstone:tutorial/root": {
    "criteria": {
      "auto": "2024-10-19 18:39:08 -0400"
    },
    "done": true
  },
  "nocubessrparmory:advsrparmoryroot": {
    "criteria": {
      "advsrparmoryroot": "2024-10-19 18:39:08 -0400"
    },
    "done": true
  },
  "nocubessrpnests:advsrpnestsaddonroot": {
    "criteria": {
      "advsrpnestsaddonroot": "2024-10-19 18:39:08 -0400"
    },
    "done": true
  },
  "nocubessrpsurvival:advparasitesurvivalroot": {
    "criteria": {
      "advparasitesurvivalroot": "2024-10-19 18:39:08 -0400"
    },
    "done": true
  },
  "minecraft:adventure/adventuring_time": {
    "criteria": {
      "birch_forest": "2024-10-19 18:39:18 -0400",
      "taiga": "2024-10-19 18:39:08 -0400"
    },
    "done": false
  }
}